instant,dteday,season,yr,mnth,holiday,weekday,workingday,weathersit,temp,atemp,hum,windspeed,casual,registered,cnt,is_anomaly,temp_c,atemp_c,hum_pct,windspeed_kmh,season_lbl,weather_lbl,casual_share,registered_share
1,2011-01-01,1,0,1,0,6,0,2,0.344167,0.363625,0.805833,0.160446,331,654,985,0,14.110847,18.18125,80.58330000000001,10.749882,Spring,Mist,33.60406091370559,66.39593908629442
2,2011-01-02,1,0,1,0,0,0,2,0.363478,0.353739,0.696087,0.248539,131,670,801,0,14.902598000000001,17.686950000000003,69.6087,16.652113,Spring,Mist,16.354556803995006,83.645443196005
3,2011-01-03,1,0,1,0,1,1,1,0.196364,0.189405,0.437273,0.248309,120,1229,1349,0,8.050924,9.47025,43.7273,16.636703,Spring,Clear,8.895478131949593,91.1045218680504
4,2011-01-04,1,0,1,0,2,1,1,0.2,0.212122,0.590435,0.160296,108,1454,1562,0,8.200000000000001,10.6061,59.0435,10.739832,Spring,Clear,6.9142125480153656,93.08578745198463
5,2011-01-05,1,0,1,0,3,1,1,0.226957,0.22927,0.436957,0.1869,82,1518,1600,0,9.305237,11.4635,43.695699999999995,12.522300000000001,Spring,Clear,5.125,94.875
6,2011-01-06,1,0,1,0,4,1,1,0.204348,0.233209,0.518261,0.0895652,88,1518,1606,0,8.378268,11.66045,51.8261,6.0008684,Spring,Clear,5.47945205479452,94.52054794520548
7,2011-01-07,1,0,1,0,5,1,2,0.196522,0.208839,0.498696,0.168726,148,1362,1510,0,8.057402,10.44195,49.8696,11.304642,Spring,Mist,9.801324503311259,90.19867549668874
8,2011-01-08,1,0,1,0,6,0,2,0.165,0.162254,0.535833,0.266804,68,891,959,0,6.765000000000001,8.1127,53.5833,17.875868,Spring,Mist,7.090719499478623,92.90928050052138
9,2011-01-09,1,0,1,0,0,0,1,0.138333,0.116175,0.434167,0.36195,54,768,822,0,5.671653,5.80875,43.416700000000006,24.25065,Spring,Clear,6.569343065693431,93.43065693430657
10,2011-01-10,1,0,1,0,1,1,1,0.150833,0.150888,0.482917,0.223267,41,1280,1321,0,6.184153,7.5443999999999996,48.2917,14.958889,Spring,Clear,3.1037093111279335,96.89629068887207
11,2011-01-11,1,0,1,0,2,1,2,0.169091,0.191464,0.686364,0.122132,43,1220,1263,0,6.9327309999999995,9.5732,68.6364,8.182844000000001,Spring,Mist,3.4045922406967537,96.59540775930324
12,2011-01-12,1,0,1,0,3,1,1,0.172727,0.160473,0.599545,0.304627,25,1137,1162,0,7.0818069999999995,8.02365,59.954499999999996,20.410009,Spring,Clear,2.1514629948364887,97.84853700516352
13,2011-01-13,1,0,1,0,4,1,1,0.165,0.150883,0.470417,0.301,38,1368,1406,0,6.765000000000001,7.544149999999999,47.0417,20.166999999999998,Spring,Clear,2.7027027027027026,97.2972972972973
14,2011-01-14,1,0,1,0,5,1,1,0.16087,0.188413,0.537826,0.126548,54,1367,1421,0,6.59567,9.42065,53.7826,8.478716,Spring,Clear,3.8001407459535534,96.19985925404644
15,2011-01-15,1,0,1,0,6,0,2,0.233333,0.248112,0.49875,0.157963,222,1026,1248,0,9.566653,12.4056,49.875,10.583521,Spring,Mist,17.78846153846154,82.21153846153845
16,2011-01-16,1,0,1,0,0,0,1,0.231667,0.234217,0.48375,0.188433,251,953,1204,0,9.498347,11.71085,48.375,12.625010999999999,Spring,Clear,20.84717607973422,79.15282392026577
17,2011-01-17,1,0,1,1,1,0,2,0.175833,0.176771,0.5375,0.194017,117,883,1000,0,7.209153,8.838550000000001,53.75,12.999139,Spring,Mist,11.700000000000001,88.3
18,2011-01-18,1,0,1,0,2,1,2,0.216667,0.232333,0.861667,0.146775,9,674,683,0,8.883347,11.61665,86.16669999999999,9.833924999999999,Spring,Mist,1.3177159590043925,98.68228404099561
19,2011-01-19,1,0,1,0,3,1,2,0.292174,0.298422,0.741739,0.208317,78,1572,1650,0,11.979134,14.921100000000001,74.1739,13.957239,Spring,Mist,4.7272727272727275,95.27272727272728
20,2011-01-20,1,0,1,0,4,1,2,0.261667,0.25505,0.538333,0.195904,83,1844,1927,0,10.728347,12.7525,53.833299999999994,13.125568,Spring,Mist,4.307213284898807,95.69278671510119
21,2011-01-21,1,0,1,0,5,1,1,0.1775,0.157833,0.457083,0.353242,75,1468,1543,0,7.2775,7.89165,45.7083,23.667214,Spring,Clear,4.860661049902787,95.13933895009721
22,2011-01-22,1,0,1,0,6,0,1,0.0591304,0.0790696,0.4,0.17197,93,888,981,0,2.4243464,3.9534800000000003,40.0,11.52199,Spring,Clear,9.480122324159021,90.51987767584097
23,2011-01-23,1,0,1,0,0,0,1,0.0965217,0.0988391,0.436522,0.2466,150,836,986,0,3.9573897000000002,4.941955,43.6522,16.5222,Spring,Clear,15.212981744421908,84.78701825557809
24,2011-01-24,1,0,1,0,1,1,1,0.0973913,0.11793,0.491739,0.15833,86,1330,1416,0,3.9930433,5.8965,49.173899999999996,10.60811,Spring,Clear,6.073446327683616,93.92655367231639
25,2011-01-25,1,0,1,0,2,1,2,0.223478,0.234526,0.616957,0.129796,186,1799,1985,0,9.162598000000001,11.7263,61.695699999999995,8.696332,Spring,Mist,9.370277078085643,90.62972292191435
26,2011-01-26,1,0,1,0,3,1,3,0.2175,0.2036,0.8625,0.29385,34,472,506,0,8.9175,10.18,86.25,19.68795,Spring,Light Precip,6.719367588932807,93.2806324110672
27,2011-01-27,1,0,1,0,4,1,1,0.195,0.2197,0.6875,0.113837,15,416,431,0,7.995,10.985,68.75,7.627078999999999,Spring,Clear,3.480278422273782,96.51972157772622
28,2011-01-28,1,0,1,0,5,1,2,0.203478,0.223317,0.793043,0.1233,38,1129,1167,0,8.342597999999999,11.165849999999999,79.30430000000001,8.2611,Spring,Mist,3.2562125107112254,96.74378748928878
29,2011-01-29,1,0,1,0,6,0,1,0.196522,0.212126,0.651739,0.145365,123,975,1098,0,8.057402,10.606300000000001,65.17389999999999,9.739455,Spring,Clear,11.202185792349727,88.79781420765028
30,2011-01-30,1,0,1,0,0,0,1,0.216522,0.250322,0.722174,0.0739826,140,956,1096,0,8.877402,12.5161,72.2174,4.956834199999999,Spring,Clear,12.773722627737227,87.22627737226277
31,2011-01-31,1,0,1,0,1,1,2,0.180833,0.18625,0.60375,0.187192,42,1459,1501,0,7.414153,9.3125,60.375,12.541864,Spring,Mist,2.798134576948701,97.2018654230513
32,2011-02-01,1,0,2,0,2,1,2,0.192174,0.23453,0.829565,0.053213,47,1313,1360,0,7.8791340000000005,11.7265,82.9565,3.565271,Spring,Mist,3.4558823529411766,96.54411764705883
33,2011-02-02,1,0,2,0,3,1,2,0.26,0.254417,0.775417,0.264308,72,1454,1526,0,10.66,12.72085,77.5417,17.708636,Spring,Mist,4.718217562254259,95.28178243774575
34,2011-02-03,1,0,2,0,4,1,1,0.186957,0.177878,0.437826,0.277752,61,1489,1550,0,7.665237,8.8939,43.7826,18.609384,Spring,Clear,3.9354838709677415,96.06451612903226
35,2011-02-04,1,0,2,0,5,1,2,0.211304,0.228587,0.585217,0.127839,88,1620,1708,0,8.663464,11.429350000000001,58.521699999999996,8.565213,Spring,Mist,5.152224824355972,94.84777517564403
36,2011-02-05,1,0,2,0,6,0,2,0.233333,0.243058,0.929167,0.161079,100,905,1005,0,9.566653,12.152899999999999,92.91669999999999,10.792293,Spring,Mist,9.950248756218906,90.04975124378109
37,2011-02-06,1,0,2,0,0,0,1,0.285833,0.291671,0.568333,0.1418,354,1269,1623,0,11.719153,14.58355,56.833299999999994,9.5006,Spring,Clear,21.811460258780038,78.18853974121997
38,2011-02-07,1,0,2,0,1,1,1,0.271667,0.303658,0.738333,0.0454083,120,1592,1712,0,11.138347,15.1829,73.83330000000001,3.0423561,Spring,Clear,7.009345794392523,92.99065420560748
39,2011-02-08,1,0,2,0,2,1,1,0.220833,0.198246,0.537917,0.36195,64,1466,1530,0,9.054153,9.9123,53.7917,24.25065,Spring,Clear,4.183006535947712,95.81699346405229
40,2011-02-09,1,0,2,0,3,1,2,0.134783,0.144283,0.494783,0.188839,53,1552,1605,0,5.526102999999999,7.21415,49.4783,12.652213,Spring,Mist,3.3021806853582554,96.69781931464175
41,2011-02-10,1,0,2,0,4,1,1,0.144348,0.149548,0.437391,0.221935,47,1491,1538,0,5.918268,7.477399999999999,43.7391,14.869645,Spring,Clear,3.05591677503251,96.94408322496749
42,2011-02-11,1,0,2,0,5,1,1,0.189091,0.213509,0.506364,0.10855,149,1597,1746,0,7.752731000000001,10.67545,50.6364,7.272849999999999,Spring,Clear,8.533791523482245,91.46620847651775
43,2011-02-12,1,0,2,0,6,0,1,0.2225,0.232954,0.544167,0.203367,288,1184,1472,0,9.1225,11.6477,54.4167,13.625589,Spring,Clear,19.565217391304348,80.43478260869566
44,2011-02-13,1,0,2,0,0,0,1,0.316522,0.324113,0.457391,0.260883,397,1192,1589,0,12.977402000000001,16.20565,45.7391,17.479160999999998,Spring,Clear,24.984266834487098,75.0157331655129
45,2011-02-14,1,0,2,0,1,1,1,0.415,0.39835,0.375833,0.417908,208,1705,1913,0,17.015,19.9175,37.583299999999994,27.999836,Spring,Clear,10.872974385781495,89.1270256142185
46,2011-02-15,1,0,2,0,2,1,1,0.266087,0.254274,0.314348,0.291374,140,1675,1815,0,10.909567000000001,12.7137,31.434800000000003,19.522058,Spring,Clear,7.7134986225895315,92.28650137741047
47,2011-02-16,1,0,2,0,3,1,1,0.318261,0.3162,0.423478,0.251791,218,1897,2115,0,13.048701000000001,15.809999999999999,42.3478,16.869996999999998,Spring,Clear,10.307328605200945,89.69267139479905
48,2011-02-17,1,0,2,0,4,1,1,0.435833,0.428658,0.505,0.230104,259,2216,2475,0,17.869153,21.4329,50.5,15.416968,Spring,Clear,10.464646464646464,89.53535353535354
49,2011-02-18,1,0,2,0,5,1,1,0.521667,0.511983,0.516667,0.264925,579,2348,2927,0,21.388347,25.599149999999998,51.6667,17.749975000000003,Spring,Clear,19.781346088144858,80.21865391185514
50,2011-02-19,1,0,2,0,6,0,1,0.399167,0.391404,0.187917,0.507463,532,1103,1635,0,16.365847,19.5702,18.7917,34.000021,Spring,Clear,32.53822629969419,67.4617737003058
51,2011-02-20,1,0,2,0,0,0,1,0.285217,0.27733,0.407826,0.223235,639,1173,1812,0,11.693897,13.8665,40.7826,14.956745,Spring,Clear,35.264900662251655,64.73509933774835
52,2011-02-21,1,0,2,1,1,0,2,0.303333,0.284075,0.605,0.307846,195,912,1107,0,12.436653000000002,14.203750000000001,60.5,20.625682,Spring,Mist,17.615176151761517,82.38482384823848
53,2011-02-22,1,0,2,0,2,1,1,0.182222,0.186033,0.577778,0.195683,74,1376,1450,0,7.471102,9.30165,57.7778,13.110761,Spring,Clear,5.103448275862069,94.89655172413794
54,2011-02-23,1,0,2,0,3,1,1,0.221739,0.245717,0.423043,0.094113,139,1778,1917,0,9.091299,12.28585,42.3043,6.3055710000000005,Spring,Clear,7.250912884715702,92.7490871152843
55,2011-02-24,1,0,2,0,4,1,2,0.295652,0.289191,0.697391,0.250496,100,1707,1807,0,12.121732000000002,14.459549999999998,69.7391,16.783231999999998,Spring,Mist,5.534034311012729,94.46596568898727
56,2011-02-25,1,0,2,0,5,1,2,0.364348,0.350461,0.712174,0.346539,120,1341,1461,0,14.938268,17.52305,71.2174,23.218113,Spring,Mist,8.213552361396303,91.78644763860369
57,2011-02-26,1,0,2,0,6,0,1,0.2825,0.282192,0.537917,0.186571,424,1545,1969,0,11.5825,14.1096,53.7917,12.500257,Spring,Clear,21.53377348908075,78.46622651091924
58,2011-02-27,1,0,2,0,0,0,1,0.343478,0.351109,0.68,0.125248,694,1708,2402,0,14.082598,17.55545,68.0,8.391615999999999,Spring,Clear,28.892589508742716,71.10741049125728
59,2011-02-28,1,0,2,0,1,1,2,0.407273,0.400118,0.876364,0.289686,81,1365,1446,0,16.698193,20.005899999999997,87.63640000000001,19.408962,Spring,Mist,5.601659751037345,94.39834024896265
60,2011-03-01,1,0,3,0,2,1,1,0.266667,0.263879,0.535,0.216425,137,1714,1851,0,10.933347,13.19395,53.5,14.500475,Spring,Clear,7.401404646137223,92.59859535386278
61,2011-03-02,1,0,3,0,3,1,1,0.335,0.320071,0.449583,0.307833,231,1903,2134,0,13.735000000000001,16.00355,44.9583,20.624811,Spring,Clear,10.824742268041238,89.17525773195877
62,2011-03-03,1,0,3,0,4,1,1,0.198333,0.200133,0.318333,0.225754,123,1562,1685,0,8.131653,10.00665,31.833299999999998,15.125518000000001,Spring,Clear,7.299703264094956,92.70029673590504
63,2011-03-04,1,0,3,0,5,1,2,0.261667,0.255679,0.610417,0.203346,214,1730,1944,0,10.728347,12.783949999999999,61.0417,13.624182,Spring,Mist,11.008230452674898,88.9917695473251
64,2011-03-05,1,0,3,0,6,0,2,0.384167,0.378779,0.789167,0.251871,640,1437,2077,0,15.750846999999998,18.93895,78.91669999999999,16.875357,Spring,Mist,30.813673567645644,69.18632643235436
65,2011-03-06,1,0,3,0,0,0,2,0.376522,0.366252,0.948261,0.343287,114,491,605,0,15.437402,18.3126,94.8261,23.000229,Spring,Mist,18.84297520661157,81.15702479338843
66,2011-03-07,1,0,3,0,1,1,1,0.261739,0.238461,0.551304,0.341352,244,1628,1872,0,10.731299,11.92305,55.1304,22.870584,Spring,Clear,13.034188034188036,86.96581196581197
67,2011-03-08,1,0,3,0,2,1,1,0.2925,0.3024,0.420833,0.12065,316,1817,2133,0,11.9925,15.120000000000001,42.0833,8.083549999999999,Spring,Clear,14.814814814814813,85.18518518518519
68,2011-03-09,1,0,3,0,3,1,2,0.295833,0.286608,0.775417,0.22015,191,1700,1891,0,12.129153,14.3304,77.5417,14.750050000000002,Spring,Mist,10.100475938656796,89.8995240613432
69,2011-03-10,1,0,3,0,4,1,3,0.389091,0.385668,0.0,0.261877,46,577,623,0,15.952731,19.2834,0.0,17.545759,Spring,Light Precip,7.3836276083467105,92.61637239165329
70,2011-03-11,1,0,3,0,5,1,2,0.316522,0.305,0.649565,0.23297,247,1730,1977,0,12.977402000000001,15.25,64.95649999999999,15.60899,Spring,Mist,12.493677288821447,87.50632271117856
71,2011-03-12,1,0,3,0,6,0,1,0.329167,0.32575,0.594583,0.220775,724,1408,2132,0,13.495847,16.287499999999998,59.458299999999994,14.791924999999999,Spring,Clear,33.95872420262664,66.04127579737336
72,2011-03-13,1,0,3,0,0,0,1,0.384348,0.380091,0.527391,0.270604,982,1435,2417,0,15.758268000000001,19.004550000000002,52.73910000000001,18.130468,Spring,Clear,40.628878775341335,59.371121224658665
73,2011-03-14,1,0,3,0,1,1,1,0.325217,0.332,0.496957,0.136926,359,1687,2046,0,13.333896999999999,16.6,49.695699999999995,9.174042,Spring,Clear,17.546432062561095,82.4535679374389
74,2011-03-15,1,0,3,0,2,1,2,0.317391,0.318178,0.655652,0.184309,289,1767,2056,0,13.013031,15.908900000000001,65.5652,12.348703,Spring,Mist,14.056420233463035,85.94357976653697
75,2011-03-16,1,0,3,0,3,1,2,0.365217,0.36693,0.776522,0.203117,321,1871,2192,0,14.973897000000001,18.3465,77.65220000000001,13.608839,Spring,Mist,14.644160583941607,85.3558394160584
76,2011-03-17,1,0,3,0,4,1,1,0.415,0.410333,0.602917,0.209579,424,2320,2744,0,17.015,20.51665,60.291700000000006,14.041792999999998,Spring,Clear,15.451895043731778,84.54810495626822
77,2011-03-18,1,0,3,0,5,1,1,0.54,0.527009,0.525217,0.231017,884,2355,3239,0,22.14,26.35045,52.5217,15.478139,Spring,Clear,27.292374189564683,72.70762581043532
78,2011-03-19,1,0,3,0,6,0,1,0.4725,0.466525,0.379167,0.368167,1424,1693,3117,0,19.3725,23.32625,37.9167,24.667189,Spring,Clear,45.68495348091113,54.315046519088874
79,2011-03-20,1,0,3,0,0,0,1,0.3325,0.32575,0.47375,0.207721,1047,1424,2471,0,13.6325,16.287499999999998,47.375,13.917307,Spring,Clear,42.37150951031971,57.628490489680296
80,2011-03-21,2,0,3,0,1,1,2,0.430435,0.409735,0.737391,0.288783,401,1676,2077,0,17.647835,20.48675,73.73910000000001,19.348461,Summer,Mist,19.306692344727974,80.69330765527202
81,2011-03-22,2,0,3,0,2,1,1,0.441667,0.440642,0.624583,0.22575,460,2243,2703,0,18.108347,22.0321,62.4583,15.125250000000001,Summer,Clear,17.01812800591935,82.98187199408065
82,2011-03-23,2,0,3,0,3,1,2,0.346957,0.337939,0.839565,0.234261,203,1918,2121,0,14.225237,16.89695,83.9565,15.695487,Summer,Mist,9.570957095709572,90.42904290429043
83,2011-03-24,2,0,3,0,4,1,2,0.285,0.270833,0.805833,0.243787,166,1699,1865,0,11.684999999999999,13.541649999999999,80.58330000000001,16.333729,Summer,Mist,8.900804289544235,91.09919571045576
84,2011-03-25,2,0,3,0,5,1,1,0.264167,0.256312,0.495,0.230725,300,1910,2210,0,10.830846999999999,12.8156,49.5,15.458575000000002,Summer,Clear,13.574660633484163,86.42533936651584
85,2011-03-26,2,0,3,0,6,0,1,0.265833,0.257571,0.394167,0.209571,981,1515,2496,0,10.899153,12.87855,39.4167,14.041257,Summer,Clear,39.30288461538461,60.69711538461539
86,2011-03-27,2,0,3,0,0,0,2,0.253043,0.250339,0.493913,0.1843,472,1221,1693,0,10.374763000000002,12.51695,49.3913,12.348099999999999,Summer,Mist,27.879503839338454,72.12049616066155
87,2011-03-28,2,0,3,0,1,1,1,0.264348,0.257574,0.302174,0.212204,222,1806,2028,0,10.838268000000001,12.878700000000002,30.2174,14.217668,Summer,Clear,10.946745562130179,89.05325443786982
88,2011-03-29,2,0,3,0,2,1,1,0.3025,0.292908,0.314167,0.226996,317,2108,2425,0,12.4025,14.6454,31.4167,15.208732,Summer,Clear,13.072164948453608,86.92783505154638
89,2011-03-30,2,0,3,0,3,1,2,0.3,0.29735,0.646667,0.172888,168,1368,1536,0,12.299999999999999,14.8675,64.6667,11.583495999999998,Summer,Mist,10.9375,89.0625
90,2011-03-31,2,0,3,0,4,1,3,0.268333,0.257575,0.918333,0.217646,179,1506,1685,0,11.001653,12.87875,91.8333,14.582282000000001,Summer,Light Precip,10.623145400593472,89.37685459940653
91,2011-04-01,2,0,4,0,5,1,2,0.3,0.283454,0.68625,0.258708,307,1920,2227,0,12.299999999999999,14.172699999999999,68.625,17.333436,Summer,Mist,13.785361472833408,86.21463852716658
92,2011-04-02,2,0,4,0,6,0,2,0.315,0.315637,0.65375,0.197146,898,1354,2252,0,12.915000000000001,15.78185,65.375,13.208782,Summer,Mist,39.87566607460036,60.12433392539964
93,2011-04-03,2,0,4,0,0,0,1,0.378333,0.378767,0.48,0.182213,1651,1598,3249,0,15.511652999999999,18.93835,48.0,12.208271000000002,Summer,Clear,50.81563558017852,49.184364419821485
94,2011-04-04,2,0,4,0,1,1,1,0.573333,0.542929,0.42625,0.385571,734,2381,3115,0,23.506653,27.14645,42.625,25.833257,Summer,Clear,23.563402889245584,76.4365971107544
95,2011-04-05,2,0,4,0,2,1,2,0.414167,0.39835,0.642083,0.388067,167,1628,1795,0,16.980847,19.9175,64.2083,26.000488999999998,Summer,Mist,9.303621169916434,90.69637883008357
96,2011-04-06,2,0,4,0,3,1,1,0.390833,0.387608,0.470833,0.263063,413,2395,2808,0,16.024153,19.3804,47.0833,17.625221,Summer,Clear,14.707977207977208,85.29202279202279
97,2011-04-07,2,0,4,0,4,1,1,0.4375,0.433696,0.602917,0.162312,571,2570,3141,0,17.9375,21.684800000000003,60.291700000000006,10.874904,Summer,Clear,18.178923909582938,81.82107609041707
98,2011-04-08,2,0,4,0,5,1,2,0.335833,0.324479,0.83625,0.226992,172,1299,1471,0,13.769153,16.223950000000002,83.625,15.208464,Summer,Mist,11.692726036709722,88.30727396329027
99,2011-04-09,2,0,4,0,6,0,2,0.3425,0.341529,0.8775,0.133083,879,1576,2455,0,14.0425,17.07645,87.75,8.916561,Summer,Mist,35.80448065173116,64.19551934826883
100,2011-04-10,2,0,4,0,0,0,2,0.426667,0.426737,0.8575,0.146767,1188,1707,2895,0,17.493347,21.33685,85.75,9.833389,Summer,Mist,41.03626943005182,58.96373056994819
101,2011-04-11,2,0,4,0,1,1,2,0.595652,0.565217,0.716956,0.324474,855,2493,3348,0,24.421732,28.260849999999998,71.6956,21.739758,Summer,Mist,25.537634408602152,74.46236559139786
102,2011-04-12,2,0,4,0,2,1,2,0.5025,0.493054,0.739167,0.274879,257,1777,2034,0,20.6025,24.6527,73.9167,18.416892999999998,Summer,Mist,12.63520157325467,87.36479842674532
103,2011-04-13,2,0,4,0,3,1,2,0.4125,0.417283,0.819167,0.250617,209,1953,2162,0,16.912499999999998,20.864150000000002,81.91669999999999,16.791338999999997,Summer,Mist,9.666975023126735,90.33302497687326
104,2011-04-14,2,0,4,0,4,1,1,0.4675,0.462742,0.540417,0.1107,529,2738,3267,0,19.1675,23.1371,54.041700000000006,7.4169,Summer,Clear,16.192225283134373,83.80777471686562
105,2011-04-15,2,0,4,1,5,0,1,0.446667,0.441913,0.67125,0.226375,642,2484,3126,0,18.313347,22.09565,67.125,15.167124999999999,Summer,Clear,20.537428023032632,79.46257197696737
106,2011-04-16,2,0,4,0,6,0,3,0.430833,0.425492,0.888333,0.340808,121,674,795,0,17.664153000000002,21.2746,88.83330000000001,22.834136,Summer,Light Precip,15.220125786163521,84.77987421383648
107,2011-04-17,2,0,4,0,0,0,1,0.456667,0.445696,0.479583,0.303496,1558,2186,3744,0,18.723347,22.2848,47.9583,20.334232,Summer,Clear,41.613247863247864,58.38675213675214
108,2011-04-18,2,0,4,0,1,1,1,0.5125,0.503146,0.5425,0.163567,669,2760,3429,0,21.0125,25.1573,54.25,10.958988999999999,Summer,Clear,19.510061242344705,80.4899387576553
109,2011-04-19,2,0,4,0,2,1,2,0.505833,0.489258,0.665833,0.157971,409,2795,3204,0,20.739152999999998,24.4629,66.5833,10.584057,Summer,Mist,12.765293383270912,87.23470661672908
110,2011-04-20,2,0,4,0,3,1,1,0.595,0.564392,0.614167,0.241925,613,3331,3944,0,24.395,28.2196,61.4167,16.208975,Summer,Clear,15.542596348884382,84.45740365111561
111,2011-04-21,2,0,4,0,4,1,1,0.459167,0.453892,0.407083,0.325258,745,3444,4189,0,18.825847,22.6946,40.708299999999994,21.792286,Summer,Clear,17.78467414657436,82.21532585342564
112,2011-04-22,2,0,4,0,5,1,2,0.336667,0.321954,0.729583,0.219521,177,1506,1683,0,13.803347,16.0977,72.9583,14.707906999999999,Summer,Mist,10.51693404634581,89.48306595365419
113,2011-04-23,2,0,4,0,6,0,2,0.46,0.450121,0.887917,0.230725,1462,2574,4036,0,18.86,22.50605,88.79169999999999,15.458575000000002,Summer,Mist,36.22398414271556,63.77601585728444
114,2011-04-24,2,0,4,0,0,0,2,0.581667,0.551763,0.810833,0.192175,1710,2481,4191,0,23.848347,27.58815,81.08330000000001,12.875725000000001,Summer,Mist,40.8017179670723,59.19828203292771
115,2011-04-25,2,0,4,0,1,1,1,0.606667,0.5745,0.776667,0.185333,773,3300,4073,0,24.873347,28.725,77.6667,12.417311,Summer,Clear,18.978639823226125,81.02136017677388
116,2011-04-26,2,0,4,0,2,1,1,0.631667,0.594083,0.729167,0.3265,678,3722,4400,0,25.898346999999998,29.704150000000002,72.9167,21.875500000000002,Summer,Clear,15.409090909090908,84.5909090909091
117,2011-04-27,2,0,4,0,3,1,2,0.62,0.575142,0.835417,0.3122,547,3325,3872,0,25.419999999999998,28.7571,83.54169999999999,20.917399999999997,Summer,Mist,14.12706611570248,85.87293388429752
118,2011-04-28,2,0,4,0,4,1,2,0.6175,0.578929,0.700833,0.320908,569,3489,4058,0,25.317500000000003,28.946450000000002,70.08330000000001,21.500836000000003,Summer,Mist,14.02168555938886,85.97831444061114
119,2011-04-29,2,0,4,0,5,1,1,0.51,0.497463,0.457083,0.240063,878,3717,4595,0,20.91,24.87315,45.7083,16.084221,Summer,Clear,19.10772578890098,80.89227421109902
120,2011-04-30,2,0,4,0,6,0,1,0.4725,0.464021,0.503333,0.235075,1965,3347,5312,0,19.3725,23.201050000000002,50.3333,15.750025,Summer,Clear,36.99171686746988,63.00828313253012
121,2011-05-01,2,0,5,0,0,0,2,0.451667,0.448204,0.762083,0.106354,1138,2213,3351,0,18.518347,22.4102,76.2083,7.125718,Summer,Mist,33.9600119367353,66.0399880632647
122,2011-05-02,2,0,5,0,1,1,2,0.549167,0.532833,0.73,0.183454,847,3554,4401,0,22.515846999999997,26.64165,73.0,12.291418,Summer,Mist,19.24562599409225,80.75437400590775
123,2011-05-03,2,0,5,0,2,1,2,0.616667,0.582079,0.697083,0.342667,603,3848,4451,0,25.283347,29.10395,69.7083,22.958689,Summer,Mist,13.54751741181757,86.45248258818243
124,2011-05-04,2,0,5,0,3,1,2,0.414167,0.40465,0.737083,0.328996,255,2378,2633,0,16.980847,20.2325,73.70830000000001,22.042732,Summer,Mist,9.684770224078997,90.315229775921
125,2011-05-05,2,0,5,0,4,1,1,0.459167,0.441917,0.444167,0.295392,614,3819,4433,0,18.825847,22.09585,44.4167,19.791263999999998,Summer,Clear,13.85066546356869,86.14933453643131
126,2011-05-06,2,0,5,0,5,1,1,0.479167,0.474117,0.59,0.228246,894,3714,4608,0,19.645847,23.70585,59.0,15.292482,Summer,Clear,19.401041666666664,80.59895833333334
127,2011-05-07,2,0,5,0,6,0,1,0.52,0.512621,0.54125,0.16045,1612,3102,4714,0,21.32,25.63105,54.125,10.750150000000001,Summer,Clear,34.19601187950785,65.80398812049215
128,2011-05-08,2,0,5,0,0,0,1,0.528333,0.518933,0.631667,0.0746375,1401,2932,4333,0,21.661653,25.946649999999998,63.1667,5.0007125,Summer,Clear,32.3332564043388,67.6667435956612
129,2011-05-09,2,0,5,0,1,1,1,0.5325,0.525246,0.58875,0.176,664,3698,4362,0,21.8325,26.2623,58.875,11.792,Summer,Clear,15.222375057313158,84.77762494268684
130,2011-05-10,2,0,5,0,2,1,1,0.5325,0.522721,0.489167,0.115671,694,4109,4803,0,21.8325,26.13605,48.9167,7.749956999999999,Summer,Clear,14.449302519258797,85.5506974807412
131,2011-05-11,2,0,5,0,3,1,1,0.5425,0.5284,0.632917,0.120642,550,3632,4182,0,22.2425,26.419999999999998,63.29169999999999,8.083014,Summer,Clear,13.151602104256337,86.84839789574367
132,2011-05-12,2,0,5,0,4,1,1,0.535,0.523363,0.7475,0.189667,695,4169,4864,0,21.935000000000002,26.16815,74.75,12.707689,Summer,Clear,14.288651315789474,85.71134868421053
133,2011-05-13,2,0,5,0,5,1,2,0.5125,0.4943,0.863333,0.179725,692,3413,4105,0,21.0125,24.715,86.33330000000001,12.041575,Summer,Mist,16.857490864799026,83.14250913520097
134,2011-05-14,2,0,5,0,6,0,2,0.520833,0.500629,0.9225,0.13495,902,2507,3409,0,21.354153,25.03145,92.25,9.041649999999999,Summer,Mist,26.459372249926666,73.54062775007334
135,2011-05-15,2,0,5,0,0,0,2,0.5625,0.536,0.867083,0.152979,1582,2971,4553,0,23.0625,26.8,86.70830000000001,10.249593,Summer,Mist,34.74632110696244,65.25367889303756
136,2011-05-16,2,0,5,0,1,1,1,0.5775,0.550512,0.787917,0.126871,773,3185,3958,0,23.677500000000002,27.5256,78.79169999999999,8.500357000000001,Summer,Clear,19.530065689742294,80.46993431025771
137,2011-05-17,2,0,5,0,2,1,2,0.561667,0.538529,0.837917,0.277354,678,3445,4123,0,23.028347,26.926450000000003,83.7917,18.582718,Summer,Mist,16.444336648071793,83.55566335192822
138,2011-05-18,2,0,5,0,3,1,2,0.55,0.527158,0.87,0.201492,536,3319,3855,0,22.55,26.3579,87.0,13.499964,Summer,Mist,13.90402075226978,86.09597924773023
139,2011-05-19,2,0,5,0,4,1,2,0.530833,0.510742,0.829583,0.108213,735,3840,4575,0,21.764153,25.537100000000002,82.9583,7.250271000000001,Summer,Mist,16.065573770491802,83.93442622950819
140,2011-05-20,2,0,5,0,5,1,1,0.536667,0.529042,0.719583,0.125013,909,4008,4917,0,22.003347,26.4521,71.9583,8.375871,Summer,Clear,18.48688224527151,81.5131177547285
141,2011-05-21,2,0,5,0,6,0,1,0.6025,0.571975,0.626667,0.12065,2258,3547,5805,0,24.7025,28.59875,62.6667,8.083549999999999,Summer,Clear,38.897502153316104,61.10249784668389
142,2011-05-22,2,0,5,0,0,0,1,0.604167,0.5745,0.749583,0.148008,1576,3084,4660,0,24.770847,28.725,74.9583,9.916536,Summer,Clear,33.81974248927039,66.18025751072962
143,2011-05-23,2,0,5,0,1,1,2,0.631667,0.590296,0.81,0.233842,836,3438,4274,0,25.898346999999998,29.5148,81.0,15.667413999999999,Summer,Mist,19.560131024801123,80.43986897519888
144,2011-05-24,2,0,5,0,2,1,2,0.66,0.604813,0.740833,0.207092,659,3833,4492,0,27.060000000000002,30.240650000000002,74.0833,13.875164,Summer,Mist,14.67052537845058,85.32947462154942
145,2011-05-25,2,0,5,0,3,1,1,0.660833,0.615542,0.69625,0.154233,740,4238,4978,0,27.094153,30.7771,69.625,10.333611000000001,Summer,Clear,14.865407794294896,85.1345922057051
146,2011-05-26,2,0,5,0,4,1,1,0.708333,0.654688,0.6775,0.199642,758,3919,4677,0,29.041653,32.7344,67.75,13.376014,Summer,Clear,16.206970280094076,83.79302971990592
147,2011-05-27,2,0,5,0,5,1,1,0.681667,0.637008,0.65375,0.240679,871,3808,4679,0,27.948347000000002,31.8504,65.375,16.125493,Summer,Clear,18.61508869416542,81.38491130583458
148,2011-05-28,2,0,5,0,6,0,1,0.655833,0.612379,0.729583,0.230092,2001,2757,4758,0,26.889153,30.61895,72.9583,15.416164,Summer,Clear,42.055485498108446,57.944514501891554
149,2011-05-29,2,0,5,0,0,0,1,0.6675,0.61555,0.81875,0.213938,2355,2433,4788,0,27.3675,30.777500000000003,81.875,14.333846,Summer,Clear,49.18546365914787,50.814536340852136
150,2011-05-30,2,0,5,1,1,0,1,0.733333,0.671092,0.685,0.131225,1549,2549,4098,0,30.066653000000002,33.5546,68.5,8.792075,Summer,Clear,37.79892630551488,62.20107369448511
151,2011-05-31,2,0,5,0,2,1,1,0.775,0.725383,0.636667,0.111329,673,3309,3982,0,31.775000000000002,36.26915,63.6667,7.459042999999999,Summer,Clear,16.90105474635861,83.09894525364139
152,2011-06-01,2,0,6,0,3,1,2,0.764167,0.720967,0.677083,0.207092,513,3461,3974,0,31.330847000000002,36.04835,67.7083,13.875164,Summer,Mist,12.908907901358832,87.09109209864117
153,2011-06-02,2,0,6,0,4,1,1,0.715,0.643942,0.305,0.292287,736,4232,4968,0,29.314999999999998,32.1971,30.5,19.583229000000003,Summer,Clear,14.814814814814813,85.18518518518519
154,2011-06-03,2,0,6,0,5,1,1,0.62,0.587133,0.354167,0.253121,898,4414,5312,0,25.419999999999998,29.356650000000002,35.4167,16.959107,Summer,Clear,16.90512048192771,83.09487951807229
155,2011-06-04,2,0,6,0,6,0,1,0.635,0.594696,0.45625,0.123142,1869,3473,5342,0,26.035,29.7348,45.625,8.250514,Summer,Clear,34.986896293523024,65.01310370647697
156,2011-06-05,2,0,6,0,0,0,2,0.648333,0.616804,0.6525,0.138692,1685,3221,4906,0,26.581653000000003,30.8402,65.25,9.292364000000001,Summer,Mist,34.34569914390542,65.65430085609458
157,2011-06-06,2,0,6,0,1,1,1,0.678333,0.621858,0.6,0.121896,673,3875,4548,0,27.811653,31.0929,60.0,8.167032,Summer,Clear,14.797713280562885,85.20228671943711
158,2011-06-07,2,0,6,0,2,1,1,0.7075,0.65595,0.597917,0.187808,763,4070,4833,0,29.0075,32.7975,59.791700000000006,12.583136,Summer,Clear,15.787295675563831,84.21270432443617
159,2011-06-08,2,0,6,0,3,1,1,0.775833,0.727279,0.622083,0.136817,676,3725,4401,0,31.809153,36.36395,62.20830000000001,9.166739,Summer,Clear,15.360145421495114,84.63985457850488
160,2011-06-09,2,0,6,0,4,1,2,0.808333,0.757579,0.568333,0.149883,563,3352,3915,0,33.141653,37.87895,56.833299999999994,10.042161,Summer,Mist,14.38058748403576,85.61941251596424
161,2011-06-10,2,0,6,0,5,1,1,0.755,0.703292,0.605,0.140554,815,3771,4586,0,30.955000000000002,35.1646,60.5,9.417118,Summer,Clear,17.771478412559965,82.22852158744004
162,2011-06-11,2,0,6,0,6,0,1,0.725,0.678038,0.654583,0.15485,1729,3237,4966,0,29.724999999999998,33.901900000000005,65.45830000000001,10.374949999999998,Summer,Clear,34.81675392670157,65.18324607329843
163,2011-06-12,2,0,6,0,0,0,1,0.6925,0.643325,0.747917,0.163567,1467,2993,4460,0,28.392500000000002,32.166250000000005,74.7917,10.958988999999999,Summer,Clear,32.89237668161435,67.10762331838565
164,2011-06-13,2,0,6,0,1,1,1,0.635,0.601654,0.494583,0.30535,863,4157,5020,0,26.035,30.082700000000003,49.4583,20.45845,Summer,Clear,17.191235059760956,82.80876494023904
165,2011-06-14,2,0,6,0,2,1,1,0.604167,0.591546,0.507083,0.269283,727,4164,4891,0,24.770847,29.5773,50.708299999999994,18.041961,Summer,Clear,14.864035984461255,85.13596401553875
166,2011-06-15,2,0,6,0,3,1,1,0.626667,0.587754,0.471667,0.167912,769,4411,5180,0,25.693347,29.3877,47.1667,11.250104,Summer,Clear,14.845559845559844,85.15444015444015
167,2011-06-16,2,0,6,0,4,1,2,0.628333,0.595346,0.688333,0.206471,545,3222,3767,0,25.761653000000003,29.767300000000002,68.8333,13.833556999999999,Summer,Mist,14.467746217148925,85.53225378285107
168,2011-06-17,2,0,6,0,5,1,1,0.649167,0.600383,0.735833,0.143029,863,3981,4844,0,26.615847000000002,30.01915,73.5833,9.582942999999998,Summer,Clear,17.81585466556565,82.18414533443436
169,2011-06-18,2,0,6,0,6,0,1,0.696667,0.643954,0.670417,0.119408,1807,3312,5119,0,28.563347,32.197700000000005,67.0417,8.000336,Summer,Clear,35.299863254541904,64.7001367454581
170,2011-06-19,2,0,6,0,0,0,2,0.699167,0.645846,0.666667,0.102,1639,3105,4744,0,28.665847,32.292300000000004,66.6667,6.834,Summer,Mist,34.548903878583474,65.45109612141653
171,2011-06-20,2,0,6,0,1,1,2,0.635,0.595346,0.74625,0.155475,699,3311,4010,0,26.035,29.767300000000002,74.625,10.416825,Summer,Mist,17.43142144638404,82.56857855361595
172,2011-06-21,3,0,6,0,2,1,2,0.680833,0.637646,0.770417,0.171025,774,4061,4835,0,27.914153000000002,31.8823,77.0417,11.458675000000001,Fall,Mist,16.008273009307135,83.99172699069285
173,2011-06-22,3,0,6,0,3,1,1,0.733333,0.693829,0.7075,0.172262,661,3846,4507,0,30.066653000000002,34.69145,70.75,11.541554,Fall,Clear,14.666074994453075,85.33392500554693
174,2011-06-23,3,0,6,0,4,1,2,0.728333,0.693833,0.703333,0.238804,746,4044,4790,0,29.861653,34.69165,70.3333,15.999868,Fall,Mist,15.5741127348643,84.4258872651357
175,2011-06-24,3,0,6,0,5,1,1,0.724167,0.656583,0.573333,0.222025,969,4022,4991,0,29.690847,32.82915,57.3333,14.875675,Fall,Clear,19.41494690442797,80.58505309557204
176,2011-06-25,3,0,6,0,6,0,1,0.695,0.643313,0.483333,0.209571,1782,3420,5202,0,28.494999999999997,32.16565,48.3333,14.041257,Fall,Clear,34.2560553633218,65.7439446366782
177,2011-06-26,3,0,6,0,0,0,1,0.68,0.637629,0.513333,0.0945333,1920,3385,5305,0,27.880000000000003,31.88145,51.3333,6.3337311,Fall,Clear,36.19227144203582,63.80772855796418
178,2011-06-27,3,0,6,0,1,1,2,0.6825,0.637004,0.658333,0.107588,854,3854,4708,0,27.982499999999998,31.8502,65.8333,7.2083960000000005,Fall,Mist,18.139337298215803,81.8606627017842
179,2011-06-28,3,0,6,0,2,1,1,0.744167,0.692558,0.634167,0.144283,732,3916,4648,0,30.510847000000002,34.6279,63.416700000000006,9.666960999999999,Fall,Clear,15.748709122203097,84.2512908777969
180,2011-06-29,3,0,6,0,3,1,1,0.728333,0.654688,0.497917,0.261821,848,4377,5225,0,29.861653,32.7344,49.7917,17.542007,Fall,Clear,16.229665071770334,83.77033492822966
181,2011-06-30,3,0,6,0,4,1,1,0.696667,0.637008,0.434167,0.185312,1027,4488,5515,0,28.563347,31.8504,43.416700000000006,12.415904000000001,Fall,Clear,18.621940163191297,81.3780598368087
182,2011-07-01,3,0,7,0,5,1,1,0.7225,0.652162,0.39625,0.102608,1246,4116,5362,0,29.622500000000002,32.6081,39.625,6.874736,Fall,Clear,23.237597911227155,76.76240208877284
183,2011-07-02,3,0,7,0,6,0,1,0.738333,0.667308,0.444583,0.115062,2204,2915,5119,0,30.271653,33.3654,44.4583,7.709154,Fall,Clear,43.05528423520219,56.94471576479781
184,2011-07-03,3,0,7,0,0,0,2,0.716667,0.668575,0.6825,0.228858,2282,2367,4649,0,29.383347,33.42875,68.25,15.333486,Fall,Mist,49.085824908582495,50.91417509141751
185,2011-07-04,3,0,7,1,1,0,2,0.726667,0.665417,0.637917,0.0814792,3065,2978,6043,0,29.793346999999997,33.27085,63.7917,5.4591064000000005,Fall,Mist,50.71984113850736,49.28015886149264
186,2011-07-05,3,0,7,0,2,1,1,0.746667,0.696338,0.590417,0.126258,1031,3634,4665,0,30.613346999999997,34.816900000000004,59.0417,8.459286,Fall,Clear,22.10075026795284,77.89924973204717
187,2011-07-06,3,0,7,0,3,1,1,0.72,0.685633,0.743333,0.149883,784,3845,4629,0,29.52,34.28165,74.33330000000001,10.042161,Fall,Clear,16.936703391661265,83.06329660833873
188,2011-07-07,3,0,7,0,4,1,1,0.75,0.686871,0.65125,0.1592,754,3838,4592,0,30.75,34.34355,65.125,10.666400000000001,Fall,Clear,16.4198606271777,83.5801393728223
189,2011-07-08,3,0,7,0,5,1,2,0.709167,0.670483,0.757917,0.225129,692,3348,4040,0,29.075847,33.524150000000006,75.79169999999999,15.083643,Fall,Mist,17.12871287128713,82.87128712871286
190,2011-07-09,3,0,7,0,6,0,1,0.733333,0.664158,0.609167,0.167912,1988,3348,5336,0,30.066653000000002,33.2079,60.9167,11.250104,Fall,Clear,37.25637181409295,62.74362818590704
191,2011-07-10,3,0,7,0,0,0,1,0.7475,0.690025,0.578333,0.183471,1743,3138,4881,0,30.6475,34.50125,57.8333,12.292557,Fall,Clear,35.709895513214505,64.2901044867855
192,2011-07-11,3,0,7,0,1,1,1,0.7625,0.729804,0.635833,0.282337,723,3363,4086,0,31.2625,36.4902,63.5833,18.916579,Fall,Clear,17.694566813509542,82.30543318649045
193,2011-07-12,3,0,7,0,2,1,1,0.794167,0.739275,0.559167,0.200254,662,3596,4258,0,32.560846999999995,36.96375,55.9167,13.417017999999999,Fall,Clear,15.547205260685768,84.45279473931423
194,2011-07-13,3,0,7,0,3,1,1,0.746667,0.689404,0.631667,0.146133,748,3594,4342,0,30.613346999999997,34.4702,63.1667,9.790911000000001,Fall,Clear,17.227084292952558,82.77291570704745
195,2011-07-14,3,0,7,0,4,1,1,0.680833,0.635104,0.47625,0.240667,888,4196,5084,0,27.914153000000002,31.7552,47.625,16.124689,Fall,Clear,17.466561762391816,82.53343823760818
196,2011-07-15,3,0,7,0,5,1,1,0.663333,0.624371,0.59125,0.182833,1318,4220,5538,0,27.196652999999998,31.21855,59.12500000000001,12.249811,Fall,Clear,23.799205489346335,76.20079451065367
197,2011-07-16,3,0,7,0,6,0,1,0.686667,0.638263,0.585,0.208342,2418,3505,5923,0,28.153347,31.91315,58.5,13.958914,Fall,Clear,40.823906803984464,59.176093196015536
198,2011-07-17,3,0,7,0,0,0,1,0.719167,0.669833,0.604167,0.245033,2006,3296,5302,0,29.485847,33.49165,60.4167,16.417211,Fall,Clear,37.834779328555264,62.16522067144474
199,2011-07-18,3,0,7,0,1,1,1,0.746667,0.703925,0.65125,0.215804,841,3617,4458,0,30.613346999999997,35.19625,65.125,14.458867999999999,Fall,Clear,18.864961866307763,81.13503813369223
200,2011-07-19,3,0,7,0,2,1,1,0.776667,0.747479,0.650417,0.1306,752,3789,4541,0,31.843347,37.37395,65.0417,8.7502,Fall,Clear,16.560229024443952,83.43977097555604
201,2011-07-20,3,0,7,0,3,1,1,0.768333,0.74685,0.707083,0.113817,644,3688,4332,0,31.501653,37.3425,70.70830000000001,7.625739,Fall,Clear,14.866112650046167,85.13388734995382
202,2011-07-21,3,0,7,0,4,1,2,0.815,0.826371,0.69125,0.222021,632,3152,3784,0,33.415,41.31855,69.125,14.875407,Fall,Mist,16.701902748414376,83.29809725158562
203,2011-07-22,3,0,7,0,5,1,1,0.848333,0.840896,0.580417,0.1331,562,2825,3387,0,34.781653,42.0448,58.0417,8.9177,Fall,Clear,16.592855033953352,83.40714496604666
204,2011-07-23,3,0,7,0,6,0,1,0.849167,0.804287,0.5,0.131221,987,2298,3285,0,34.815847,40.214349999999996,50.0,8.791807,Fall,Clear,30.04566210045662,69.95433789954339
205,2011-07-24,3,0,7,0,0,0,1,0.83,0.794829,0.550833,0.169171,1050,2556,3606,0,34.03,39.74145,55.0833,11.334456999999999,Fall,Clear,29.11813643926789,70.88186356073211
206,2011-07-25,3,0,7,0,1,1,1,0.743333,0.720958,0.757083,0.0908083,568,3272,3840,0,30.476653000000002,36.0479,75.7083,6.0841560999999995,Fall,Clear,14.791666666666666,85.20833333333333
207,2011-07-26,3,0,7,0,2,1,1,0.771667,0.696979,0.540833,0.200258,750,3840,4590,0,31.638347,34.84895,54.0833,13.417285999999999,Fall,Clear,16.33986928104575,83.66013071895425
208,2011-07-27,3,0,7,0,3,1,1,0.775,0.690667,0.402917,0.183463,755,3901,4656,0,31.775000000000002,34.53335,40.291700000000006,12.292020999999998,Fall,Clear,16.215635738831615,83.78436426116839
209,2011-07-28,3,0,7,0,4,1,1,0.779167,0.7399,0.583333,0.178479,606,3784,4390,0,31.945847,36.995,58.3333,11.958093,Fall,Clear,13.804100227790434,86.19589977220957
210,2011-07-29,3,0,7,0,5,1,1,0.838333,0.785967,0.5425,0.174138,670,3176,3846,0,34.371653,39.29835,54.25,11.667245999999999,Fall,Clear,17.420696827873115,82.57930317212688
211,2011-07-30,3,0,7,0,6,0,1,0.804167,0.728537,0.465833,0.168537,1559,2916,4475,0,32.970847,36.42685,46.5833,11.291979,Fall,Clear,34.83798882681564,65.16201117318435
212,2011-07-31,3,0,7,0,0,0,1,0.805833,0.729796,0.480833,0.164813,1524,2778,4302,0,33.039153,36.4898,48.0833,11.042470999999999,Fall,Clear,35.425383542538356,64.57461645746164
213,2011-08-01,3,0,8,0,1,1,1,0.771667,0.703292,0.550833,0.156717,729,3537,4266,0,31.638347,35.1646,55.0833,10.500039,Fall,Clear,17.088607594936708,82.91139240506328
214,2011-08-02,3,0,8,0,2,1,1,0.783333,0.707071,0.49125,0.20585,801,4044,4845,0,32.116653,35.35355,49.125,13.79195,Fall,Clear,16.53250773993808,83.46749226006192
215,2011-08-03,3,0,8,0,3,1,2,0.731667,0.679937,0.6575,0.135583,467,3107,3574,0,29.998347,33.99685,65.75,9.084061,Fall,Mist,13.06659205372132,86.93340794627869
216,2011-08-04,3,0,8,0,4,1,2,0.71,0.664788,0.7575,0.19715,799,3777,4576,0,29.11,33.2394,75.75,13.20905,Fall,Mist,17.460664335664337,82.53933566433567
217,2011-08-05,3,0,8,0,5,1,1,0.710833,0.656567,0.630833,0.184696,1023,3843,4866,0,29.144153000000003,32.82835,63.083299999999994,12.374632,Fall,Clear,21.023427866831074,78.97657213316893
218,2011-08-06,3,0,8,0,6,0,2,0.716667,0.676154,0.755,0.22825,1521,2773,4294,0,29.383347,33.807700000000004,75.5,15.29275,Fall,Mist,35.42151839776432,64.57848160223568
219,2011-08-07,3,0,8,0,0,0,1,0.7425,0.715292,0.752917,0.201487,1298,2487,3785,0,30.442500000000003,35.7646,75.29169999999999,13.499629,Fall,Clear,34.293262879788635,65.70673712021136
220,2011-08-08,3,0,8,0,1,1,1,0.765,0.703283,0.592083,0.192175,846,3480,4326,0,31.365000000000002,35.16415,59.2083,12.875725000000001,Fall,Clear,19.55617198335645,80.44382801664355
221,2011-08-09,3,0,8,0,2,1,1,0.775,0.724121,0.570417,0.151121,907,3695,4602,0,31.775000000000002,36.20605,57.04169999999999,10.125107,Fall,Clear,19.708822251195134,80.29117774880487
222,2011-08-10,3,0,8,0,3,1,1,0.766667,0.684983,0.424167,0.200258,884,3896,4780,0,31.433346999999998,34.24915,42.4167,13.417285999999999,Fall,Clear,18.493723849372383,81.50627615062761
223,2011-08-11,3,0,8,0,4,1,1,0.7175,0.651521,0.42375,0.164796,812,3980,4792,0,29.4175,32.57605,42.375,11.041332,Fall,Clear,16.9449081803005,83.0550918196995
224,2011-08-12,3,0,8,0,5,1,1,0.708333,0.654042,0.415,0.125621,1051,3854,4905,0,29.041653,32.7021,41.5,8.416607,Fall,Clear,21.42711518858308,78.57288481141693
225,2011-08-13,3,0,8,0,6,0,2,0.685833,0.645858,0.729583,0.211454,1504,2646,4150,0,28.119153,32.2929,72.9583,14.167418,Fall,Mist,36.24096385542169,63.75903614457832
226,2011-08-14,3,0,8,0,0,0,2,0.676667,0.624388,0.8175,0.222633,1338,2482,3820,0,27.743347,31.219400000000004,81.75,14.916411,Fall,Mist,35.026178010471206,64.97382198952879
227,2011-08-15,3,0,8,0,1,1,1,0.665833,0.616167,0.712083,0.208954,775,3563,4338,0,27.299153,30.80835,71.20830000000001,13.999918,Fall,Clear,17.865375749193177,82.13462425080682
228,2011-08-16,3,0,8,0,2,1,1,0.700833,0.645837,0.578333,0.236329,721,4004,4725,0,28.734153000000003,32.29185,57.8333,15.834043000000001,Fall,Clear,15.259259259259258,84.74074074074073
229,2011-08-17,3,0,8,0,3,1,1,0.723333,0.666671,0.575417,0.143667,668,4026,4694,0,29.656653,33.33355,57.5417,9.625689,Fall,Clear,14.230933106092886,85.76906689390712
230,2011-08-18,3,0,8,0,4,1,1,0.711667,0.662258,0.654583,0.233208,639,3166,3805,0,29.178347000000002,33.1129,65.45830000000001,15.624936,Fall,Clear,16.793692509855454,83.20630749014455
231,2011-08-19,3,0,8,0,5,1,2,0.685,0.633221,0.722917,0.139308,797,3356,4153,0,28.085,31.661050000000003,72.2917,9.333635999999998,Fall,Mist,19.190946303876714,80.80905369612329
232,2011-08-20,3,0,8,0,6,0,1,0.6975,0.648996,0.674167,0.104467,1914,3277,5191,0,28.5975,32.4498,67.41669999999999,6.999289,Fall,Clear,36.87150837988827,63.128491620111724
233,2011-08-21,3,0,8,0,0,0,1,0.710833,0.675525,0.77,0.248754,1249,2624,3873,0,29.144153000000003,33.776250000000005,77.0,16.666518,Fall,Clear,32.24890265943713,67.75109734056286
234,2011-08-22,3,0,8,0,1,1,1,0.691667,0.638254,0.47,0.27675,833,3925,4758,0,28.358347000000002,31.9127,47.0,18.54225,Fall,Clear,17.507356031946195,82.4926439680538
235,2011-08-23,3,0,8,0,2,1,1,0.640833,0.606067,0.455417,0.146763,1281,4614,5895,0,26.274153,30.303350000000002,45.5417,9.833121,Fall,Clear,21.73027989821883,78.26972010178118
236,2011-08-24,3,0,8,0,3,1,1,0.673333,0.630692,0.605,0.253108,949,4181,5130,0,27.606652999999998,31.5346,60.5,16.958236,Fall,Clear,18.499025341130604,81.5009746588694
237,2011-08-25,3,0,8,0,4,1,2,0.684167,0.645854,0.771667,0.210833,435,3107,3542,0,28.050846999999997,32.2927,77.1667,14.125810999999999,Fall,Mist,12.28119706380576,87.71880293619424
238,2011-08-26,3,0,8,0,5,1,1,0.7,0.659733,0.76125,0.0839625,768,3893,4661,0,28.7,32.98665,76.125,5.625487499999999,Fall,Clear,16.477150826003005,83.52284917399699
239,2011-08-27,3,0,8,0,6,0,2,0.68,0.635556,0.85,0.375617,226,889,1115,0,27.880000000000003,31.7778,85.0,25.166338999999997,Fall,Mist,20.269058295964125,79.73094170403587
240,2011-08-28,3,0,8,0,0,0,1,0.707059,0.647959,0.561765,0.304659,1415,2919,4334,0,28.989418999999998,32.397949999999994,56.1765,20.412153,Fall,Clear,32.648823257960316,67.35117674203968
241,2011-08-29,3,0,8,0,1,1,1,0.636667,0.607958,0.554583,0.159825,729,3905,4634,0,26.103347,30.3979,55.45830000000001,10.708275,Fall,Clear,15.73154941735002,84.26845058264998
242,2011-08-30,3,0,8,0,2,1,1,0.639167,0.594704,0.548333,0.125008,775,4429,5204,0,26.205847000000002,29.7352,54.833299999999994,8.375536,Fall,Clear,14.8923904688701,85.1076095311299
243,2011-08-31,3,0,8,0,3,1,1,0.656667,0.611121,0.597917,0.0833333,688,4370,5058,0,26.923347,30.556050000000003,59.791700000000006,5.5833311,Fall,Clear,13.602214313958086,86.39778568604191
244,2011-09-01,3,0,9,0,4,1,1,0.655,0.614921,0.639167,0.141796,783,4332,5115,0,26.855,30.746050000000004,63.916700000000006,9.500332,Fall,Clear,15.30791788856305,84.69208211143695
245,2011-09-02,3,0,9,0,5,1,2,0.643333,0.604808,0.727083,0.139929,875,3852,4727,0,26.376653,30.2404,72.70830000000001,9.375243,Fall,Mist,18.510683308652425,81.48931669134758
246,2011-09-03,3,0,9,0,6,0,1,0.669167,0.633213,0.716667,0.185325,1935,2549,4484,0,27.435847,31.66065,71.6667,12.416775,Fall,Clear,43.153434433541484,56.846565566458516
247,2011-09-04,3,0,9,0,0,0,1,0.709167,0.665429,0.742083,0.206467,2521,2419,4940,0,29.075847,33.27145,74.20830000000001,13.833289,Fall,Clear,51.03238866396761,48.96761133603239
248,2011-09-05,3,0,9,1,1,0,2,0.673333,0.625646,0.790417,0.212696,1236,2115,3351,0,27.606652999999998,31.282300000000003,79.0417,14.250632,Fall,Mist,36.88451208594449,63.1154879140555
249,2011-09-06,3,0,9,0,2,1,3,0.54,0.5152,0.886957,0.343943,204,2506,2710,0,22.14,25.759999999999998,88.6957,23.044181,Fall,Light Precip,7.527675276752767,92.47232472324724
250,2011-09-07,3,0,9,0,3,1,3,0.599167,0.544229,0.917083,0.0970208,118,1878,1996,0,24.565847,27.21145,91.7083,6.500393600000001,Fall,Light Precip,5.911823647294589,94.0881763527054
251,2011-09-08,3,0,9,0,4,1,3,0.633913,0.555361,0.939565,0.192748,153,1689,1842,0,25.990433,27.76805,93.9565,12.914116,Fall,Light Precip,8.306188925081432,91.69381107491856
252,2011-09-09,3,0,9,0,5,1,2,0.65,0.578946,0.897917,0.124379,417,3127,3544,0,26.650000000000002,28.9473,89.79169999999999,8.333393000000001,Fall,Mist,11.766365688487584,88.2336343115124
253,2011-09-10,3,0,9,0,6,0,1,0.66,0.607962,0.75375,0.153608,1750,3595,5345,0,27.060000000000002,30.3981,75.375,10.291736,Fall,Clear,32.74087932647334,67.25912067352667
254,2011-09-11,3,0,9,0,0,0,1,0.653333,0.609229,0.71375,0.115054,1633,3413,5046,0,26.786653,30.46145,71.375,7.708618,Fall,Clear,32.362267142290925,67.63773285770908
255,2011-09-12,3,0,9,0,1,1,1,0.644348,0.60213,0.692174,0.088913,690,4023,4713,0,26.418268,30.106500000000004,69.2174,5.957171000000001,Fall,Clear,14.64035646085296,85.35964353914704
256,2011-09-13,3,0,9,0,2,1,1,0.650833,0.603554,0.7125,0.141804,701,4062,4763,0,26.684153,30.1777,71.25,9.500868,Fall,Clear,14.717614948561831,85.28238505143817
257,2011-09-14,3,0,9,0,3,1,1,0.673333,0.6269,0.697083,0.1673,647,4138,4785,0,27.606652999999998,31.345,69.7083,11.2091,Fall,Clear,13.521421107628004,86.478578892372
258,2011-09-15,3,0,9,0,4,1,2,0.5775,0.553671,0.709167,0.271146,428,3231,3659,0,23.677500000000002,27.68355,70.9167,18.166782,Fall,Mist,11.697185023230391,88.30281497676961
259,2011-09-16,3,0,9,0,5,1,2,0.469167,0.461475,0.590417,0.164183,742,4018,4760,0,19.235847,23.07375,59.0417,11.000261,Fall,Mist,15.588235294117647,84.41176470588235
260,2011-09-17,3,0,9,0,6,0,2,0.491667,0.478512,0.718333,0.189675,1434,3077,4511,0,20.158347,23.9256,71.8333,12.708225,Fall,Mist,31.788960319219683,68.21103968078032
261,2011-09-18,3,0,9,0,0,0,1,0.5075,0.490537,0.695,0.178483,1353,2921,4274,0,20.807499999999997,24.52685,69.5,11.958361,Fall,Clear,31.656527842770238,68.34347215722975
262,2011-09-19,3,0,9,0,1,1,2,0.549167,0.529675,0.69,0.151742,691,3848,4539,0,22.515846999999997,26.48375,69.0,10.166713999999999,Fall,Mist,15.2236175369024,84.7763824630976
263,2011-09-20,3,0,9,0,2,1,2,0.561667,0.532217,0.88125,0.134954,438,3203,3641,0,23.028347,26.610850000000003,88.125,9.041917999999999,Fall,Mist,12.029662180719583,87.97033781928042
264,2011-09-21,3,0,9,0,3,1,2,0.595,0.550533,0.9,0.0964042,539,3813,4352,0,24.395,27.526650000000004,90.0,6.4590814,Fall,Mist,12.385110294117647,87.61488970588235
265,2011-09-22,3,0,9,0,4,1,2,0.628333,0.554963,0.902083,0.128125,555,4240,4795,0,25.761653000000003,27.74815,90.2083,8.584375,Fall,Mist,11.574556830031282,88.42544316996872
266,2011-09-23,4,0,9,0,5,1,2,0.609167,0.522125,0.9725,0.0783667,258,2137,2395,0,24.975847,26.106249999999996,97.25,5.2505689,Winter,Mist,10.772442588726513,89.22755741127348
267,2011-09-24,4,0,9,0,6,0,2,0.606667,0.564412,0.8625,0.0783833,1776,3647,5423,0,24.873347,28.2206,86.25,5.2516811,Winter,Mist,32.749400700719164,67.25059929928085
268,2011-09-25,4,0,9,0,0,0,2,0.634167,0.572637,0.845,0.0503792,1544,3466,5010,0,26.000847,28.631849999999996,84.5,3.3754064,Winter,Mist,30.81836327345309,69.1816367265469
269,2011-09-26,4,0,9,0,1,1,2,0.649167,0.589042,0.848333,0.1107,684,3946,4630,0,26.615847000000002,29.452099999999998,84.8333,7.4169,Winter,Mist,14.773218142548597,85.2267818574514
270,2011-09-27,4,0,9,0,2,1,2,0.636667,0.574525,0.885417,0.118171,477,3643,4120,0,26.103347,28.726249999999997,88.5417,7.917457,Winter,Mist,11.577669902912621,88.42233009708738
271,2011-09-28,4,0,9,0,3,1,2,0.635,0.575158,0.84875,0.148629,480,3427,3907,0,26.035,28.757899999999996,84.875,9.958143000000002,Winter,Mist,12.285641156897874,87.71435884310212
272,2011-09-29,4,0,9,0,4,1,1,0.616667,0.574512,0.699167,0.172883,653,4186,4839,0,25.283347,28.7256,69.91669999999999,11.583161,Winter,Clear,13.494523661913618,86.50547633808638
273,2011-09-30,4,0,9,0,5,1,1,0.564167,0.544829,0.6475,0.206475,830,4372,5202,0,23.130847,27.24145,64.75,13.833825,Winter,Clear,15.955401768550557,84.04459823144944
274,2011-10-01,4,0,10,0,6,0,2,0.41,0.412863,0.75375,0.292296,480,1949,2429,0,16.81,20.64315,75.375,19.583832,Winter,Mist,19.761218608480856,80.23878139151914
275,2011-10-02,4,0,10,0,0,0,2,0.356667,0.345317,0.791667,0.222013,616,2302,2918,0,14.623347,17.26585,79.1667,14.874870999999999,Winter,Mist,21.110349554489378,78.88965044551063
276,2011-10-03,4,0,10,0,1,1,2,0.384167,0.392046,0.760833,0.0833458,330,3240,3570,0,15.750846999999998,19.6023,76.0833,5.5841686,Winter,Mist,9.243697478991598,90.75630252100841
277,2011-10-04,4,0,10,0,2,1,1,0.484167,0.472858,0.71,0.205854,486,3970,4456,0,19.850847,23.6429,71.0,13.792218,Winter,Clear,10.906642728904847,89.09335727109516
278,2011-10-05,4,0,10,0,3,1,1,0.538333,0.527138,0.647917,0.17725,559,4267,4826,0,22.071652999999998,26.3569,64.79169999999999,11.87575,Winter,Clear,11.583091587235806,88.4169084127642
279,2011-10-06,4,0,10,0,4,1,1,0.494167,0.480425,0.620833,0.134954,639,4126,4765,0,20.260847000000002,24.02125,62.083299999999994,9.041917999999999,Winter,Clear,13.410283315844701,86.5897166841553
280,2011-10-07,4,0,10,0,5,1,1,0.510833,0.504404,0.684167,0.0223917,949,4036,4985,0,20.944153,25.2202,68.41669999999999,1.5002439,Winter,Clear,19.037111334002006,80.962888665998
281,2011-10-08,4,0,10,0,6,0,1,0.521667,0.513242,0.70125,0.0454042,2235,3174,5409,0,21.388347,25.6621,70.125,3.0420814,Winter,Clear,41.32002218524681,58.679977814753194
282,2011-10-09,4,0,10,0,0,0,1,0.540833,0.523983,0.7275,0.06345,2397,3114,5511,0,22.174153,26.19915,72.75,4.251150000000001,Winter,Clear,43.49482852476865,56.50517147523135
283,2011-10-10,4,0,10,1,1,0,1,0.570833,0.542925,0.73375,0.0423042,1514,3603,5117,0,23.404153,27.14625,73.375,2.8343814,Winter,Clear,29.58764901309361,70.41235098690639
284,2011-10-11,4,0,10,0,2,1,2,0.566667,0.546096,0.80875,0.143042,667,3896,4563,0,23.233347000000002,27.3048,80.875,9.583814,Winter,Mist,14.617576156037696,85.3824238439623
285,2011-10-12,4,0,10,0,3,1,3,0.543333,0.517717,0.90625,0.24815,217,2199,2416,0,22.276653,25.885849999999998,90.625,16.62605,Winter,Light Precip,8.9817880794702,91.01821192052981
286,2011-10-13,4,0,10,0,4,1,2,0.589167,0.551804,0.896667,0.141787,290,2623,2913,0,24.155847,27.5902,89.6667,9.499729,Winter,Mist,9.955372468245795,90.0446275317542
287,2011-10-14,4,0,10,0,5,1,2,0.550833,0.529675,0.71625,0.223883,529,3115,3644,0,22.584153,26.48375,71.625,15.000161,Winter,Mist,14.517014270032929,85.48298572996707
288,2011-10-15,4,0,10,0,6,0,1,0.506667,0.498725,0.483333,0.258083,1899,3318,5217,0,20.773346999999998,24.936249999999998,48.3333,17.291561,Winter,Clear,36.400230017251296,63.59976998274871
289,2011-10-16,4,0,10,0,0,0,1,0.511667,0.503154,0.486667,0.281717,1748,3293,5041,0,20.978347,25.1577,48.6667,18.875039,Winter,Clear,34.67565959135092,65.32434040864908
290,2011-10-17,4,0,10,0,1,1,1,0.534167,0.510725,0.579583,0.175379,713,3857,4570,0,21.900847,25.53625,57.958299999999994,11.750393,Winter,Clear,15.60175054704595,84.39824945295405
291,2011-10-18,4,0,10,0,2,1,2,0.5325,0.522721,0.701667,0.110087,637,4111,4748,0,21.8325,26.13605,70.1667,7.375829,Winter,Mist,13.416175231676494,86.58382476832351
292,2011-10-19,4,0,10,0,3,1,3,0.541739,0.513848,0.895217,0.243339,254,2170,2424,0,22.211299,25.6924,89.52170000000001,16.303713,Winter,Light Precip,10.478547854785479,89.52145214521452
293,2011-10-20,4,0,10,0,4,1,1,0.475833,0.466525,0.63625,0.422275,471,3724,4195,0,19.509153,23.32625,63.625,28.292425,Winter,Clear,11.227651966626937,88.77234803337306
294,2011-10-21,4,0,10,0,5,1,1,0.4275,0.423596,0.574167,0.221396,676,3628,4304,0,17.5275,21.1798,57.4167,14.833532,Winter,Clear,15.706319702602231,84.29368029739777
295,2011-10-22,4,0,10,0,6,0,1,0.4225,0.425492,0.629167,0.0926667,1499,2809,4308,0,17.322499999999998,21.2746,62.916700000000006,6.2086689,Winter,Clear,34.79572887650882,65.20427112349118
296,2011-10-23,4,0,10,0,0,0,1,0.421667,0.422333,0.74125,0.0995125,1619,2762,4381,0,17.288347,21.11665,74.125,6.6673375,Winter,Clear,36.955033097466334,63.04496690253367
297,2011-10-24,4,0,10,0,1,1,1,0.463333,0.457067,0.772083,0.118792,699,3488,4187,0,18.996653,22.85335,77.2083,7.959064,Winter,Clear,16.69453069023167,83.30546930976833
298,2011-10-25,4,0,10,0,2,1,1,0.471667,0.463375,0.622917,0.166658,695,3992,4687,0,19.338347,23.16875,62.291700000000006,11.166086,Winter,Clear,14.828248346490291,85.1717516535097
299,2011-10-26,4,0,10,0,3,1,2,0.484167,0.472846,0.720417,0.148642,404,3490,3894,0,19.850847,23.6423,72.04169999999999,9.959014,Winter,Mist,10.374935798664612,89.62506420133539
300,2011-10-27,4,0,10,0,4,1,2,0.47,0.457046,0.812917,0.197763,240,2419,2659,0,19.27,22.8523,81.2917,13.250121,Winter,Mist,9.025949605114706,90.9740503948853
301,2011-10-28,4,0,10,0,5,1,2,0.330833,0.318812,0.585833,0.229479,456,3291,3747,0,13.564153,15.9406,58.58330000000001,15.375093,Winter,Mist,12.169735788630904,87.8302642113691
302,2011-10-29,4,0,10,0,6,0,3,0.254167,0.227913,0.8825,0.351371,57,570,627,0,10.420846999999998,11.39565,88.25,23.541857,Winter,Light Precip,9.090909090909092,90.9090909090909
303,2011-10-30,4,0,10,0,0,0,1,0.319167,0.321329,0.62375,0.176617,885,2446,3331,0,13.085847,16.06645,62.375,11.833339,Winter,Clear,26.568598018613027,73.43140198138697
304,2011-10-31,4,0,10,0,1,1,1,0.34,0.356063,0.703333,0.10635,362,3307,3669,0,13.940000000000001,17.803150000000002,70.3333,7.12545,Winter,Clear,9.866448623603162,90.13355137639684
305,2011-11-01,4,0,11,0,2,1,1,0.400833,0.397088,0.68375,0.135571,410,3658,4068,0,16.434153,19.8544,68.375,9.083257,Winter,Clear,10.07866273352999,89.92133726647002
306,2011-11-02,4,0,11,0,3,1,1,0.3775,0.390133,0.71875,0.0820917,370,3816,4186,0,15.477500000000001,19.50665,71.875,5.5001439,Winter,Clear,8.838987099856666,91.16101290014333
307,2011-11-03,4,0,11,0,4,1,1,0.408333,0.405921,0.702083,0.136817,318,3656,3974,0,16.741653,20.296049999999997,70.20830000000001,9.166739,Winter,Clear,8.002013085052843,91.99798691494716
308,2011-11-04,4,0,11,0,5,1,2,0.403333,0.403392,0.6225,0.271779,470,3576,4046,0,16.536653,20.1696,62.25000000000001,18.209193,Winter,Mist,11.61641127039051,88.38358872960949
309,2011-11-05,4,0,11,0,6,0,1,0.326667,0.323854,0.519167,0.189062,1156,2770,3926,0,13.393346999999999,16.1927,51.916700000000006,12.667154,Winter,Clear,29.44472745797249,70.55527254202751
310,2011-11-06,4,0,11,0,0,0,1,0.348333,0.362358,0.734583,0.0920542,952,2697,3649,0,14.281653,18.117900000000002,73.4583,6.1676314,Winter,Clear,26.089339545080843,73.91066045491915
311,2011-11-07,4,0,11,0,1,1,1,0.395,0.400871,0.75875,0.057225,373,3662,4035,0,16.195,20.04355,75.875,3.834075,Winter,Clear,9.244114002478316,90.75588599752169
312,2011-11-08,4,0,11,0,2,1,1,0.408333,0.412246,0.721667,0.0690375,376,3829,4205,0,16.741653,20.6123,72.16669999999999,4.6255125,Winter,Clear,8.941736028537456,91.05826397146255
313,2011-11-09,4,0,11,0,3,1,1,0.4,0.409079,0.758333,0.0621958,305,3804,4109,0,16.400000000000002,20.453950000000003,75.83330000000001,4.1671186,Winter,Clear,7.422730591384766,92.57726940861524
314,2011-11-10,4,0,11,0,4,1,2,0.38,0.373721,0.813333,0.189067,190,2743,2933,0,15.58,18.68605,81.3333,12.667489000000002,Winter,Mist,6.4780088646437095,93.52199113535629
315,2011-11-11,4,0,11,1,5,0,1,0.324167,0.306817,0.44625,0.314675,440,2928,3368,0,13.290847,15.34085,44.625,21.083225,Winter,Clear,13.064133016627078,86.93586698337292
316,2011-11-12,4,0,11,0,6,0,1,0.356667,0.357942,0.552917,0.212062,1275,2792,4067,0,14.623347,17.8971,55.2917,14.208154,Winter,Clear,31.349889353331694,68.65011064666831
317,2011-11-13,4,0,11,0,0,0,1,0.440833,0.43055,0.458333,0.281721,1004,2713,3717,0,18.074153,21.5275,45.8333,18.875307,Winter,Clear,27.011030400860907,72.98896959913908
318,2011-11-14,4,0,11,0,1,1,1,0.53,0.524612,0.587083,0.306596,595,3891,4486,0,21.73,26.2306,58.7083,20.541932,Winter,Clear,13.26348640213999,86.73651359786001
319,2011-11-15,4,0,11,0,2,1,2,0.53,0.507579,0.68875,0.199633,449,3746,4195,0,21.73,25.37895,68.875,13.375411,Winter,Mist,10.70321811680572,89.29678188319427
320,2011-11-16,4,0,11,0,3,1,3,0.456667,0.451988,0.93,0.136829,145,1672,1817,0,18.723347,22.5994,93.0,9.167543,Winter,Light Precip,7.98018712162906,92.01981287837094
321,2011-11-17,4,0,11,0,4,1,2,0.341667,0.323221,0.575833,0.305362,139,2914,3053,0,14.008347,16.16105,57.5833,20.459254,Winter,Mist,4.552898788077301,95.4471012119227
322,2011-11-18,4,0,11,0,5,1,1,0.274167,0.272721,0.41,0.168533,245,3147,3392,0,11.240847,13.63605,41.0,11.291711,Winter,Clear,7.222877358490567,92.77712264150944
323,2011-11-19,4,0,11,0,6,0,1,0.329167,0.324483,0.502083,0.224496,943,2720,3663,0,13.495847,16.22415,50.208299999999994,15.041232,Winter,Clear,25.743925743925743,74.25607425607426
324,2011-11-20,4,0,11,0,0,0,2,0.463333,0.457058,0.684583,0.18595,787,2733,3520,0,18.996653,22.8529,68.45830000000001,12.45865,Winter,Mist,22.357954545454543,77.64204545454545
325,2011-11-21,4,0,11,0,1,1,3,0.4475,0.445062,0.91,0.138054,220,2545,2765,0,18.3475,22.2531,91.0,9.249618,Winter,Light Precip,7.956600361663653,92.04339963833634
326,2011-11-22,4,0,11,0,2,1,3,0.416667,0.421696,0.9625,0.118792,69,1538,1607,0,17.083347,21.0848,96.25,7.959064,Winter,Light Precip,4.293714996888612,95.70628500311139
327,2011-11-23,4,0,11,0,3,1,2,0.440833,0.430537,0.757917,0.335825,112,2454,2566,0,18.074153,21.52685,75.79169999999999,22.500275,Winter,Mist,4.364770070148091,95.6352299298519
328,2011-11-24,4,0,11,1,4,0,1,0.373333,0.372471,0.549167,0.167304,560,935,1495,0,15.306653,18.62355,54.9167,11.209368000000001,Winter,Clear,37.45819397993311,62.54180602006689
329,2011-11-25,4,0,11,0,5,1,1,0.375,0.380671,0.64375,0.0988958,1095,1697,2792,0,15.375,19.033549999999998,64.375,6.6260186,Winter,Clear,39.21919770773639,60.780802292263616
330,2011-11-26,4,0,11,0,6,0,1,0.375833,0.385087,0.681667,0.0684208,1249,1819,3068,0,15.409152999999998,19.254350000000002,68.1667,4.5841936,Winter,Clear,40.710560625814864,59.289439374185136
331,2011-11-27,4,0,11,0,0,0,1,0.459167,0.4558,0.698333,0.208954,810,2261,3071,0,18.825847,22.79,69.8333,13.999918,Winter,Clear,26.37577336372517,73.62422663627483
332,2011-11-28,4,0,11,0,1,1,1,0.503478,0.490122,0.743043,0.142122,253,3614,3867,0,20.642598,24.5061,74.3043,9.522174,Winter,Clear,6.542539436255495,93.4574605637445
333,2011-11-29,4,0,11,0,2,1,2,0.458333,0.451375,0.830833,0.258092,96,2818,2914,0,18.791653,22.56875,83.08330000000001,17.292164,Winter,Mist,3.2944406314344548,96.70555936856555
334,2011-11-30,4,0,11,0,3,1,1,0.325,0.311221,0.613333,0.271158,188,3425,3613,0,13.325000000000001,15.561050000000002,61.3333,18.167586,Winter,Clear,5.203432050927207,94.7965679490728
335,2011-12-01,4,0,12,0,4,1,1,0.3125,0.305554,0.524583,0.220158,182,3545,3727,0,12.8125,15.2777,52.4583,14.750586,Winter,Clear,4.883284142742152,95.11671585725784
336,2011-12-02,4,0,12,0,5,1,1,0.314167,0.331433,0.625833,0.100754,268,3672,3940,0,12.880847,16.571649999999998,62.583299999999994,6.750518,Winter,Clear,6.802030456852792,93.19796954314721
337,2011-12-03,4,0,12,0,6,0,1,0.299167,0.310604,0.612917,0.0957833,706,2908,3614,0,12.265847,15.530199999999999,61.291700000000006,6.4174811,Winter,Clear,19.53514111787493,80.46485888212507
338,2011-12-04,4,0,12,0,0,0,1,0.330833,0.3491,0.775833,0.0839583,634,2851,3485,0,13.564153,17.455000000000002,77.5833,5.6252061,Winter,Clear,18.1922525107604,81.8077474892396
339,2011-12-05,4,0,12,0,1,1,2,0.385833,0.393925,0.827083,0.0622083,233,3578,3811,0,15.819153,19.696250000000003,82.70830000000001,4.1679561000000005,Winter,Mist,6.113880871162425,93.88611912883758
340,2011-12-06,4,0,12,0,2,1,3,0.4625,0.4564,0.949583,0.232583,126,2468,2594,0,18.962500000000002,22.82,94.9583,15.583061,Winter,Light Precip,4.857363145720894,95.1426368542791
341,2011-12-07,4,0,12,0,3,1,3,0.41,0.400246,0.970417,0.266175,50,655,705,0,16.81,20.0123,97.04169999999999,17.833725,Winter,Light Precip,7.092198581560284,92.90780141843972
342,2011-12-08,4,0,12,0,4,1,1,0.265833,0.256938,0.58,0.240058,150,3172,3322,0,10.899153,12.8469,57.99999999999999,16.083886,Winter,Clear,4.515352197471403,95.4846478025286
343,2011-12-09,4,0,12,0,5,1,1,0.290833,0.317542,0.695833,0.0827167,261,3359,3620,0,11.924153,15.877099999999999,69.58330000000001,5.5420189,Winter,Clear,7.209944751381216,92.79005524861878
344,2011-12-10,4,0,12,0,6,0,1,0.275,0.266412,0.5075,0.233221,502,2688,3190,0,11.275,13.320599999999999,50.74999999999999,15.625807,Winter,Clear,15.73667711598746,84.26332288401254
345,2011-12-11,4,0,12,0,0,0,1,0.220833,0.253154,0.49,0.0665417,377,2366,2743,0,9.054153,12.6577,49.0,4.458293899999999,Winter,Clear,13.744075829383887,86.25592417061611
346,2011-12-12,4,0,12,0,1,1,1,0.238333,0.270196,0.670833,0.06345,143,3167,3310,0,9.771652999999999,13.5098,67.08330000000001,4.251150000000001,Winter,Clear,4.3202416918429,95.6797583081571
347,2011-12-13,4,0,12,0,2,1,1,0.2825,0.301138,0.59,0.14055,155,3368,3523,0,11.5825,15.0569,59.0,9.41685,Winter,Clear,4.399659381209196,95.6003406187908
348,2011-12-14,4,0,12,0,3,1,2,0.3175,0.338362,0.66375,0.0609583,178,3562,3740,0,13.0175,16.9181,66.375,4.0842061,Winter,Mist,4.759358288770053,95.24064171122994
349,2011-12-15,4,0,12,0,4,1,2,0.4225,0.412237,0.634167,0.268042,181,3528,3709,0,17.322499999999998,20.61185,63.416700000000006,17.958814,Winter,Mist,4.880021569156106,95.11997843084389
350,2011-12-16,4,0,12,0,5,1,2,0.375,0.359825,0.500417,0.260575,178,3399,3577,0,15.375,17.99125,50.0417,17.458525,Winter,Mist,4.976237070170534,95.02376292982947
351,2011-12-17,4,0,12,0,6,0,2,0.258333,0.249371,0.560833,0.243167,275,2464,2739,0,10.591652999999999,12.46855,56.0833,16.292189,Winter,Mist,10.040160642570282,89.95983935742971
352,2011-12-18,4,0,12,0,0,0,1,0.238333,0.245579,0.58625,0.169779,220,2211,2431,0,9.771652999999999,12.27895,58.62500000000001,11.375193000000001,Winter,Clear,9.049773755656108,90.9502262443439
353,2011-12-19,4,0,12,0,1,1,1,0.276667,0.280933,0.6375,0.172896,260,3143,3403,0,11.343347,14.04665,63.74999999999999,11.584031999999999,Winter,Clear,7.640317367029093,92.3596826329709
354,2011-12-20,4,0,12,0,2,1,2,0.385833,0.396454,0.595417,0.0615708,216,3534,3750,0,15.819153,19.822699999999998,59.5417,4.1252436,Winter,Mist,5.76,94.24
355,2011-12-21,1,0,12,0,3,1,2,0.428333,0.428017,0.858333,0.2214,107,2553,2660,0,17.561653,21.40085,85.83330000000001,14.8338,Spring,Mist,4.022556390977443,95.97744360902256
356,2011-12-22,1,0,12,0,4,1,2,0.423333,0.426121,0.7575,0.047275,227,2841,3068,0,17.356653,21.306050000000003,75.75,3.1674249999999997,Spring,Mist,7.398956975228161,92.60104302477184
357,2011-12-23,1,0,12,0,5,1,1,0.373333,0.377513,0.68625,0.274246,163,2046,2209,0,15.306653,18.87565,68.625,18.374482,Spring,Clear,7.378904481665913,92.62109551833409
358,2011-12-24,1,0,12,0,6,0,1,0.3025,0.299242,0.5425,0.190304,155,856,1011,0,12.4025,14.9621,54.25,12.750368,Spring,Clear,15.33135509396637,84.66864490603363
359,2011-12-25,1,0,12,0,0,0,1,0.274783,0.279961,0.681304,0.155091,303,451,754,0,11.266103,13.998050000000001,68.13040000000001,10.391097,Spring,Clear,40.185676392572944,59.814323607427056
360,2011-12-26,1,0,12,1,1,0,1,0.321739,0.315535,0.506957,0.239465,430,887,1317,0,13.191299,15.77675,50.6957,16.044155,Spring,Clear,32.64996203492787,67.35003796507213
361,2011-12-27,1,0,12,0,2,1,2,0.325,0.327633,0.7625,0.18845,103,1059,1162,0,13.325000000000001,16.38165,76.25,12.62615,Spring,Mist,8.864027538726333,91.13597246127367
362,2011-12-28,1,0,12,0,3,1,1,0.29913,0.279974,0.503913,0.293961,255,2047,2302,0,12.264330000000001,13.9987,50.39130000000001,19.695386999999997,Spring,Clear,11.07732406602954,88.92267593397047
363,2011-12-29,1,0,12,0,4,1,1,0.248333,0.263892,0.574167,0.119412,254,2169,2423,0,10.181653,13.194600000000001,57.4167,8.000604000000001,Spring,Clear,10.482872472141972,89.51712752785804
364,2011-12-30,1,0,12,0,5,1,1,0.311667,0.318812,0.636667,0.134337,491,2508,2999,0,12.778347000000002,15.9406,63.6667,9.000579,Spring,Clear,16.372124041347117,83.62787595865288
365,2011-12-31,1,0,12,0,6,0,1,0.41,0.414121,0.615833,0.220154,665,1820,2485,0,16.81,20.70605,61.583299999999994,14.750318,Spring,Clear,26.76056338028169,73.23943661971832
366,2012-01-01,1,1,1,0,0,0,1,0.37,0.375621,0.6925,0.192167,686,1608,2294,0,15.17,18.78105,69.25,12.875189,Spring,Clear,29.90409764603313,70.09590235396686
367,2012-01-02,1,1,1,1,1,0,1,0.273043,0.252304,0.381304,0.329665,244,1707,1951,0,11.194763,12.615199999999998,38.130399999999995,22.087555,Spring,Clear,12.506406970784214,87.49359302921579
368,2012-01-03,1,1,1,0,2,1,1,0.15,0.126275,0.44125,0.365671,89,2147,2236,0,6.1499999999999995,6.31375,44.125,24.499957000000002,Spring,Clear,3.9803220035778173,96.01967799642217
369,2012-01-04,1,1,1,0,3,1,2,0.1075,0.119337,0.414583,0.1847,95,2273,2368,0,4.4075,5.96685,41.4583,12.3749,Spring,Mist,4.011824324324325,95.98817567567568
370,2012-01-05,1,1,1,0,4,1,1,0.265833,0.278412,0.524167,0.129987,140,3132,3272,0,10.899153,13.9206,52.416700000000006,8.709128999999999,Spring,Clear,4.278728606356968,95.72127139364304
371,2012-01-06,1,1,1,0,5,1,1,0.334167,0.340267,0.542083,0.167908,307,3791,4098,0,13.700847,17.01335,54.2083,11.249836,Spring,Clear,7.491459248413861,92.50854075158614
372,2012-01-07,1,1,1,0,6,0,1,0.393333,0.390779,0.531667,0.174758,1070,3451,4521,0,16.126653,19.53895,53.1667,11.708786,Spring,Clear,23.667330236673305,76.3326697633267
373,2012-01-08,1,1,1,0,0,0,1,0.3375,0.340258,0.465,0.191542,599,2826,3425,0,13.8375,17.012900000000002,46.5,12.833314,Spring,Clear,17.489051094890513,82.51094890510949
374,2012-01-09,1,1,1,0,1,1,2,0.224167,0.247479,0.701667,0.0989,106,2270,2376,0,9.190847,12.37395,70.1667,6.6263000000000005,Spring,Mist,4.461279461279461,95.53872053872054
375,2012-01-10,1,1,1,0,2,1,1,0.308696,0.318826,0.646522,0.187552,173,3425,3598,0,12.656536000000001,15.9413,64.65220000000001,12.565984,Spring,Clear,4.808226792662591,95.1917732073374
376,2012-01-11,1,1,1,0,3,1,2,0.274167,0.282821,0.8475,0.131221,92,2085,2177,0,11.240847,14.14105,84.75,8.791807,Spring,Mist,4.225999081304548,95.77400091869546
377,2012-01-12,1,1,1,0,4,1,2,0.3825,0.381938,0.802917,0.180967,269,3828,4097,0,15.682500000000001,19.0969,80.2917,12.124789,Spring,Mist,6.565779838906518,93.43422016109348
378,2012-01-13,1,1,1,0,5,1,1,0.274167,0.249362,0.5075,0.378108,174,3040,3214,0,11.240847,12.4681,50.74999999999999,25.333236,Spring,Clear,5.413814561294338,94.58618543870566
379,2012-01-14,1,1,1,0,6,0,1,0.18,0.183087,0.4575,0.187183,333,2160,2493,0,7.38,9.15435,45.75,12.541260999999999,Spring,Clear,13.357400722021662,86.64259927797833
380,2012-01-15,1,1,1,0,0,0,1,0.166667,0.161625,0.419167,0.251258,284,2027,2311,0,6.833347000000001,8.081249999999999,41.9167,16.834286,Spring,Clear,12.289052358286456,87.71094764171355
381,2012-01-16,1,1,1,1,1,0,1,0.19,0.190663,0.5225,0.231358,217,2081,2298,0,7.79,9.53315,52.25,15.500986000000001,Spring,Clear,9.442993907745866,90.55700609225413
382,2012-01-17,1,1,1,0,2,1,2,0.373043,0.364278,0.716087,0.34913,127,2808,2935,0,15.294763,18.2139,71.6087,23.39171,Spring,Mist,4.327086882453152,95.67291311754686
383,2012-01-18,1,1,1,0,3,1,1,0.303333,0.275254,0.443333,0.415429,109,3267,3376,0,12.436653000000002,13.7627,44.333299999999994,27.833743,Spring,Clear,3.2286729857819907,96.77132701421802
384,2012-01-19,1,1,1,0,4,1,1,0.19,0.190038,0.4975,0.220158,130,3162,3292,0,7.79,9.501900000000001,49.75,14.750586,Spring,Clear,3.948967193195626,96.05103280680437
385,2012-01-20,1,1,1,0,5,1,2,0.2175,0.220958,0.45,0.20275,115,3048,3163,0,8.9175,11.047899999999998,45.0,13.58425,Spring,Mist,3.635788808093582,96.3642111919064
386,2012-01-21,1,1,1,0,6,0,2,0.173333,0.174875,0.83125,0.222642,67,1234,1301,0,7.106653,8.74375,83.125,14.917014,Spring,Mist,5.14988470407379,94.8501152959262
387,2012-01-22,1,1,1,0,0,0,2,0.1625,0.16225,0.79625,0.199638,196,1781,1977,0,6.6625000000000005,8.1125,79.625,13.375746000000001,Spring,Mist,9.914011127971674,90.08598887202832
388,2012-01-23,1,1,1,0,1,1,2,0.218333,0.243058,0.91125,0.110708,145,2287,2432,0,8.951653,12.152899999999999,91.125,7.417436,Spring,Mist,5.962171052631579,94.03782894736842
389,2012-01-24,1,1,1,0,2,1,1,0.3425,0.349108,0.835833,0.123767,439,3900,4339,0,14.0425,17.455399999999997,83.58330000000001,8.292389,Spring,Clear,10.117538603364832,89.88246139663516
390,2012-01-25,1,1,1,0,3,1,1,0.294167,0.294821,0.64375,0.161071,467,3803,4270,0,12.060847,14.74105,64.375,10.791756999999999,Spring,Clear,10.936768149882905,89.06323185011709
391,2012-01-26,1,1,1,0,4,1,2,0.341667,0.35605,0.769583,0.0733958,244,3831,4075,0,14.008347,17.8025,76.95830000000001,4.9175186,Spring,Mist,5.987730061349693,94.0122699386503
392,2012-01-27,1,1,1,0,5,1,2,0.425,0.415383,0.74125,0.342667,269,3187,3456,0,17.425,20.76915,74.125,22.958689,Spring,Mist,7.783564814814816,92.21643518518519
393,2012-01-28,1,1,1,0,6,0,1,0.315833,0.326379,0.543333,0.210829,775,3248,4023,0,12.949152999999999,16.318949999999997,54.333299999999994,14.125542999999999,Spring,Clear,19.26423067362665,80.73576932637336
394,2012-01-29,1,1,1,0,0,0,1,0.2825,0.272721,0.31125,0.24005,558,2685,3243,0,11.5825,13.63605,31.125000000000004,16.08335,Spring,Clear,17.206290471785383,82.79370952821462
395,2012-01-30,1,1,1,0,1,1,1,0.269167,0.262625,0.400833,0.215792,126,3498,3624,0,11.035847,13.13125,40.0833,14.458064,Spring,Clear,3.47682119205298,96.52317880794702
396,2012-01-31,1,1,1,0,2,1,1,0.39,0.381317,0.416667,0.261817,324,4185,4509,0,15.99,19.06585,41.6667,17.541739,Spring,Clear,7.18562874251497,92.81437125748504
397,2012-02-01,1,1,2,0,3,1,1,0.469167,0.466538,0.507917,0.189067,304,4275,4579,0,19.235847,23.326900000000002,50.79169999999999,12.667489000000002,Spring,Clear,6.639004149377594,93.3609958506224
398,2012-02-02,1,1,2,0,4,1,2,0.399167,0.398971,0.672917,0.187187,190,3571,3761,0,16.365847,19.94855,67.29169999999999,12.541528999999999,Spring,Mist,5.051847912789151,94.94815208721084
399,2012-02-03,1,1,2,0,5,1,1,0.313333,0.309346,0.526667,0.178496,310,3841,4151,0,12.846652999999998,15.4673,52.6667,11.959232,Spring,Clear,7.468079980727535,92.53192001927246
400,2012-02-04,1,1,2,0,6,0,2,0.264167,0.272725,0.779583,0.121896,384,2448,2832,0,10.830846999999999,13.63625,77.95830000000001,8.167032,Spring,Mist,13.559322033898304,86.4406779661017
401,2012-02-05,1,1,2,0,0,0,2,0.265833,0.264521,0.687917,0.175996,318,2629,2947,0,10.899153,13.22605,68.7917,11.791732000000001,Spring,Mist,10.790634543603666,89.20936545639634
402,2012-02-06,1,1,2,0,1,1,1,0.282609,0.296426,0.622174,0.1538,206,3578,3784,0,11.586969,14.8213,62.2174,10.304599999999999,Spring,Clear,5.443974630021142,94.55602536997885
403,2012-02-07,1,1,2,0,2,1,1,0.354167,0.361104,0.49625,0.147379,199,4176,4375,0,14.520847,18.0552,49.625,9.874393000000001,Spring,Clear,4.548571428571429,95.45142857142858
404,2012-02-08,1,1,2,0,3,1,2,0.256667,0.266421,0.722917,0.133721,109,2693,2802,0,10.523347,13.321050000000001,72.2917,8.959307,Spring,Mist,3.890078515346181,96.10992148465381
405,2012-02-09,1,1,2,0,4,1,1,0.265,0.261988,0.562083,0.194037,163,3667,3830,0,10.865,13.0994,56.2083,13.000478999999999,Spring,Clear,4.255874673629243,95.74412532637075
406,2012-02-10,1,1,2,0,5,1,2,0.280833,0.293558,0.54,0.116929,227,3604,3831,0,11.514153,14.6779,54.0,7.834243000000001,Spring,Mist,5.925345862699034,94.07465413730097
407,2012-02-11,1,1,2,0,6,0,3,0.224167,0.210867,0.73125,0.289796,192,1977,2169,0,9.190847,10.54335,73.125,19.416332,Spring,Light Precip,8.852005532503458,91.14799446749655
408,2012-02-12,1,1,2,0,0,0,1,0.1275,0.101658,0.464583,0.409212,73,1456,1529,0,5.2275,5.0828999999999995,46.4583,27.417204,Spring,Clear,4.774362328319163,95.22563767168084
409,2012-02-13,1,1,2,0,1,1,1,0.2225,0.227913,0.41125,0.167283,94,3328,3422,0,9.1225,11.39565,41.125,11.207961,Spring,Clear,2.7469316189362947,97.2530683810637
410,2012-02-14,1,1,2,0,2,1,2,0.319167,0.333946,0.50875,0.141179,135,3787,3922,0,13.085847,16.697300000000002,50.875,9.458993,Spring,Mist,3.442121366649668,96.55787863335034
411,2012-02-15,1,1,2,0,3,1,1,0.348333,0.351629,0.53125,0.1816,141,4028,4169,0,14.281653,17.58145,53.125,12.167200000000001,Spring,Clear,3.382106020628448,96.61789397937154
412,2012-02-16,1,1,2,0,4,1,2,0.316667,0.330162,0.752917,0.091425,74,2931,3005,0,12.983346999999998,16.5081,75.29169999999999,6.125475000000001,Spring,Mist,2.4625623960066556,97.53743760399335
413,2012-02-17,1,1,2,0,5,1,1,0.343333,0.351629,0.634583,0.205846,349,3805,4154,0,14.076653,17.58145,63.4583,13.791682,Spring,Clear,8.401540683678382,91.59845931632162
414,2012-02-18,1,1,2,0,6,0,1,0.346667,0.355425,0.534583,0.190929,1435,2883,4318,0,14.213347,17.77125,53.4583,12.792243,Spring,Clear,33.23297823066234,66.76702176933766
415,2012-02-19,1,1,2,0,0,0,2,0.28,0.265788,0.515833,0.253112,618,2071,2689,0,11.48,13.2894,51.5833,16.958504,Spring,Mist,22.98252138341391,77.01747861658609
416,2012-02-20,1,1,2,1,1,0,1,0.28,0.273391,0.507826,0.229083,502,2627,3129,0,11.48,13.66955,50.7826,15.348561,Spring,Clear,16.043464365612017,83.95653563438799
417,2012-02-21,1,1,2,0,2,1,1,0.287826,0.295113,0.594348,0.205717,163,3614,3777,0,11.800866000000001,14.755650000000001,59.434799999999996,13.783039,Spring,Clear,4.315594387079693,95.68440561292032
418,2012-02-22,1,1,2,0,3,1,1,0.395833,0.392667,0.567917,0.234471,394,4379,4773,0,16.229153,19.63335,56.7917,15.709557,Spring,Clear,8.254766394301278,91.74523360569871
419,2012-02-23,1,1,2,0,4,1,1,0.454167,0.444446,0.554583,0.190913,516,4546,5062,0,18.620846999999998,22.2223,55.45830000000001,12.791171,Spring,Clear,10.193599367838798,89.8064006321612
420,2012-02-24,1,1,2,0,5,1,2,0.4075,0.410971,0.7375,0.237567,246,3241,3487,0,16.7075,20.54855,73.75,15.916989,Spring,Mist,7.054774878118726,92.94522512188126
421,2012-02-25,1,1,2,0,6,0,1,0.290833,0.255675,0.395833,0.421642,317,2415,2732,0,11.924153,12.78375,39.5833,28.250014,Spring,Clear,11.603221083455344,88.39677891654466
422,2012-02-26,1,1,2,0,0,0,1,0.279167,0.268308,0.41,0.205229,515,2874,3389,0,11.445847,13.4154,41.0,13.750342999999999,Spring,Clear,15.19622307465329,84.80377692534671
423,2012-02-27,1,1,2,0,1,1,1,0.366667,0.357954,0.490833,0.268033,253,4069,4322,0,15.033347000000001,17.8977,49.0833,17.958211000000002,Spring,Clear,5.853771402128644,94.14622859787136
424,2012-02-28,1,1,2,0,2,1,1,0.359167,0.353525,0.395833,0.193417,229,4134,4363,0,14.725847,17.67625,39.5833,12.958939,Spring,Clear,5.24868209947284,94.75131790052717
425,2012-02-29,1,1,2,0,3,1,2,0.344348,0.34847,0.804783,0.179117,65,1769,1834,0,14.118267999999999,17.4235,80.4783,12.000839,Spring,Mist,3.544165757906216,96.45583424209379
426,2012-03-01,1,1,3,0,4,1,1,0.485833,0.475371,0.615417,0.226987,325,4665,4990,0,19.919153,23.768549999999998,61.5417,15.208129,Spring,Clear,6.513026052104208,93.48697394789579
427,2012-03-02,1,1,3,0,5,1,2,0.353333,0.359842,0.657083,0.144904,246,2948,3194,0,14.486653,17.9921,65.7083,9.708568,Spring,Mist,7.701941139636818,92.29805886036318
428,2012-03-03,1,1,3,0,6,0,2,0.414167,0.413492,0.62125,0.161079,956,3110,4066,0,16.980847,20.6746,62.125,10.792293,Spring,Mist,23.512051155927203,76.48794884407279
429,2012-03-04,1,1,3,0,0,0,1,0.325833,0.303021,0.403333,0.334571,710,2713,3423,0,13.359153,15.15105,40.3333,22.416257,Spring,Clear,20.74203914694712,79.25796085305288
430,2012-03-05,1,1,3,0,1,1,1,0.243333,0.241171,0.50625,0.228858,203,3130,3333,0,9.976652999999999,12.05855,50.625,15.333486,Spring,Clear,6.0906090609060906,93.90939093909391
431,2012-03-06,1,1,3,0,2,1,1,0.258333,0.255042,0.456667,0.200875,221,3735,3956,0,10.591652999999999,12.752099999999999,45.6667,13.458625,Spring,Clear,5.5864509605662285,94.41354903943378
432,2012-03-07,1,1,3,0,3,1,1,0.404167,0.3851,0.513333,0.345779,432,4484,4916,0,16.570847,19.255,51.3333,23.167193,Spring,Clear,8.787632221318145,91.21236777868185
433,2012-03-08,1,1,3,0,4,1,1,0.5275,0.524604,0.5675,0.441563,486,4896,5382,0,21.627499999999998,26.230199999999996,56.75,29.584721,Spring,Clear,9.03010033444816,90.96989966555184
434,2012-03-09,1,1,3,0,5,1,2,0.410833,0.397083,0.407083,0.4148,447,4122,4569,0,16.844153,19.85415,40.708299999999994,27.7916,Spring,Mist,9.783322390019698,90.2166776099803
435,2012-03-10,1,1,3,0,6,0,1,0.2875,0.277767,0.350417,0.22575,968,3150,4118,0,11.7875,13.888349999999999,35.0417,15.125250000000001,Spring,Clear,23.506556580864498,76.4934434191355
436,2012-03-11,1,1,3,0,0,0,1,0.361739,0.35967,0.476957,0.222587,1658,3253,4911,0,14.831299,17.9835,47.6957,14.913329000000001,Spring,Clear,33.760944817756055,66.23905518224394
437,2012-03-12,1,1,3,0,1,1,1,0.466667,0.459592,0.489167,0.207713,838,4460,5298,0,19.133347,22.9796,48.9167,13.916771,Spring,Clear,15.81728954322386,84.18271045677615
438,2012-03-13,1,1,3,0,2,1,1,0.565,0.542929,0.6175,0.23695,762,5085,5847,0,23.165,27.14645,61.75000000000001,15.87565,Spring,Clear,13.032324268855824,86.96767573114418
439,2012-03-14,1,1,3,0,3,1,1,0.5725,0.548617,0.507083,0.115062,997,5315,6312,0,23.4725,27.43085,50.708299999999994,7.709154,Spring,Clear,15.79531051964512,84.20468948035487
440,2012-03-15,1,1,3,0,4,1,1,0.5575,0.532825,0.579583,0.149883,1005,5187,6192,0,22.857499999999998,26.64125,57.958299999999994,10.042161,Spring,Clear,16.23062015503876,83.76937984496125
441,2012-03-16,1,1,3,0,5,1,2,0.435833,0.436229,0.842083,0.113192,548,3830,4378,0,17.869153,21.81145,84.20830000000001,7.583864,Spring,Mist,12.517131110095933,87.48286888990407
442,2012-03-17,1,1,3,0,6,0,2,0.514167,0.505046,0.755833,0.110704,3155,4681,7836,0,21.080847000000002,25.252299999999998,75.5833,7.417168,Spring,Mist,40.26288922919857,59.73711077080143
443,2012-03-18,1,1,3,0,0,0,2,0.4725,0.464,0.81,0.126883,2207,3685,5892,0,19.3725,23.200000000000003,81.0,8.501161,Spring,Mist,37.457569585879156,62.542430414120844
444,2012-03-19,1,1,3,0,1,1,1,0.545,0.532821,0.72875,0.162317,982,5171,6153,0,22.345000000000002,26.64105,72.875,10.875238999999999,Spring,Clear,15.959694457987975,84.04030554201202
445,2012-03-20,1,1,3,0,2,1,1,0.560833,0.538533,0.807917,0.121271,1051,5042,6093,0,22.994153,26.926650000000002,80.7917,8.125157,Spring,Clear,17.249302478253732,82.75069752174626
446,2012-03-21,2,1,3,0,3,1,2,0.531667,0.513258,0.82125,0.0895583,1122,5108,6230,0,21.798347,25.6629,82.125,6.000406099999999,Summer,Mist,18.00963081861958,81.99036918138042
447,2012-03-22,2,1,3,0,4,1,1,0.554167,0.531567,0.83125,0.117562,1334,5537,6871,0,22.720847,26.57835,83.125,7.876654,Summer,Clear,19.41493232426139,80.58506767573861
448,2012-03-23,2,1,3,0,5,1,2,0.601667,0.570067,0.694167,0.1163,2469,5893,8362,0,24.668346999999997,28.50335,69.41669999999999,7.7921000000000005,Summer,Mist,29.526429083951207,70.47357091604879
449,2012-03-24,2,1,3,0,6,0,2,0.5025,0.486733,0.885417,0.192783,1033,2339,3372,0,20.6025,24.336650000000002,88.5417,12.916461,Summer,Mist,30.634638196915777,69.36536180308423
450,2012-03-25,2,1,3,0,0,0,2,0.4375,0.437488,0.880833,0.220775,1532,3464,4996,0,17.9375,21.874399999999998,88.0833,14.791924999999999,Summer,Mist,30.66453162530024,69.33546837469976
451,2012-03-26,2,1,3,0,1,1,1,0.445833,0.43875,0.477917,0.386821,795,4763,5558,0,18.279153,21.9375,47.7917,25.917007,Summer,Clear,14.303706369197553,85.69629363080244
452,2012-03-27,2,1,3,0,2,1,1,0.323333,0.315654,0.29,0.187192,531,4571,5102,0,13.256653,15.7827,28.999999999999996,12.541864,Summer,Clear,10.407683261466092,89.59231673853391
453,2012-03-28,2,1,3,0,3,1,1,0.484167,0.47095,0.48125,0.291671,674,5024,5698,0,19.850847,23.5475,48.125,19.541957,Summer,Clear,11.828711828711828,88.17128817128818
454,2012-03-29,2,1,3,0,4,1,1,0.494167,0.482304,0.439167,0.31965,834,5299,6133,0,20.260847000000002,24.1152,43.9167,21.41655,Summer,Clear,13.598565139409752,86.40143486059026
455,2012-03-30,2,1,3,0,5,1,2,0.37,0.375621,0.580833,0.138067,796,4663,5459,0,15.17,18.78105,58.0833,9.250489,Summer,Mist,14.581425169444953,85.41857483055504
456,2012-03-31,2,1,3,0,6,0,2,0.424167,0.421708,0.738333,0.250617,2301,3934,6235,0,17.390847,21.0854,73.83330000000001,16.791338999999997,Summer,Mist,36.904570970328784,63.095429029671216
457,2012-04-01,2,1,4,0,0,0,2,0.425833,0.417287,0.67625,0.172267,2347,3694,6041,0,17.459153,20.86435,67.625,11.541889,Summer,Mist,38.85118357887767,61.14881642112233
458,2012-04-02,2,1,4,0,1,1,1,0.433913,0.427513,0.504348,0.312139,1208,4728,5936,0,17.790433,21.37565,50.4348,20.913313,Summer,Clear,20.350404312668463,79.64959568733153
459,2012-04-03,2,1,4,0,2,1,1,0.466667,0.461483,0.396667,0.100133,1348,5424,6772,0,19.133347,23.07415,39.6667,6.708911,Summer,Clear,19.905493207324277,80.09450679267573
460,2012-04-04,2,1,4,0,3,1,1,0.541667,0.53345,0.469583,0.180975,1058,5378,6436,0,22.208347,26.6725,46.958299999999994,12.125325,Summer,Clear,16.438781852082037,83.56121814791796
461,2012-04-05,2,1,4,0,4,1,1,0.435,0.431163,0.374167,0.219529,1192,5265,6457,0,17.835,21.55815,37.416700000000006,14.708443,Summer,Clear,18.46058541118166,81.53941458881833
462,2012-04-06,2,1,4,0,5,1,1,0.403333,0.390767,0.377083,0.300388,1807,4653,6460,0,16.536653,19.538349999999998,37.7083,20.125996,Summer,Clear,27.972136222910216,72.02786377708978
463,2012-04-07,2,1,4,0,6,0,1,0.4375,0.426129,0.254167,0.274871,3252,3605,6857,0,17.9375,21.306449999999998,25.4167,18.416356999999998,Summer,Clear,47.425988041417526,52.57401195858247
464,2012-04-08,2,1,4,0,0,0,1,0.5,0.492425,0.275833,0.232596,2230,2939,5169,0,20.5,24.62125,27.5833,15.583931999999999,Summer,Clear,43.14180692590443,56.85819307409557
465,2012-04-09,2,1,4,0,1,1,1,0.489167,0.476638,0.3175,0.358196,905,4680,5585,0,20.055847,23.8319,31.75,23.999132,Summer,Clear,16.2041181736795,83.79588182632051
466,2012-04-10,2,1,4,0,2,1,1,0.446667,0.436233,0.435,0.249375,819,5099,5918,0,18.313347,21.81165,43.5,16.708125000000003,Summer,Clear,13.839134842852316,86.16086515714768
467,2012-04-11,2,1,4,0,3,1,1,0.348696,0.337274,0.469565,0.295274,482,4380,4862,0,14.296536,16.8637,46.9565,19.783358,Summer,Clear,9.913615795968738,90.08638420403126
468,2012-04-12,2,1,4,0,4,1,1,0.3975,0.387604,0.46625,0.290429,663,4746,5409,0,16.2975,19.3802,46.625,19.458743,Summer,Clear,12.2573488630061,87.7426511369939
469,2012-04-13,2,1,4,0,5,1,1,0.4425,0.431808,0.408333,0.155471,1252,5146,6398,0,18.142500000000002,21.590400000000002,40.8333,10.416557,Summer,Clear,19.568615192247577,80.43138480775242
470,2012-04-14,2,1,4,0,6,0,1,0.495,0.487996,0.502917,0.190917,2795,4665,7460,0,20.294999999999998,24.3998,50.29169999999999,12.791439,Summer,Clear,37.466487935656836,62.533512064343164
471,2012-04-15,2,1,4,0,0,0,1,0.606667,0.573875,0.507917,0.225129,2846,4286,7132,0,24.873347,28.69375,50.79169999999999,15.083643,Summer,Clear,39.904655075715084,60.09534492428491
472,2012-04-16,2,1,4,1,1,0,1,0.664167,0.614925,0.561667,0.284829,1198,5172,6370,0,27.230846999999997,30.746250000000003,56.166700000000006,19.083543,Summer,Clear,18.80690737833595,81.19309262166405
473,2012-04-17,2,1,4,0,2,1,1,0.608333,0.598487,0.390417,0.273629,989,5702,6691,0,24.941653000000002,29.92435,39.0417,18.333143,Summer,Clear,14.781049170527574,85.21895082947243
474,2012-04-18,2,1,4,0,3,1,2,0.463333,0.457038,0.569167,0.167912,347,4020,4367,0,18.996653,22.8519,56.9167,11.250104,Summer,Mist,7.945958323792077,92.05404167620792
475,2012-04-19,2,1,4,0,4,1,1,0.498333,0.493046,0.6125,0.0659292,846,5719,6565,0,20.431653,24.6523,61.25000000000001,4.417256399999999,Summer,Clear,12.886519421172887,87.11348057882712
476,2012-04-20,2,1,4,0,5,1,1,0.526667,0.515775,0.694583,0.149871,1340,5950,7290,0,21.593347,25.78875,69.4583,10.041357,Summer,Clear,18.381344307270233,81.61865569272977
477,2012-04-21,2,1,4,0,6,0,1,0.57,0.542921,0.682917,0.283587,2541,4083,6624,0,23.369999999999997,27.14605,68.2917,19.000328999999997,Summer,Clear,38.36050724637681,61.639492753623195
478,2012-04-22,2,1,4,0,0,0,3,0.396667,0.389504,0.835417,0.344546,120,907,1027,0,16.263347,19.4752,83.54169999999999,23.084582,Summer,Light Precip,11.684518013631937,88.31548198636806
479,2012-04-23,2,1,4,0,1,1,2,0.321667,0.301125,0.766667,0.303496,195,3019,3214,0,13.188346999999998,15.056249999999999,76.66669999999999,20.334232,Summer,Mist,6.067205973864343,93.93279402613565
480,2012-04-24,2,1,4,0,2,1,1,0.413333,0.405283,0.454167,0.249383,518,5115,5633,0,16.946653,20.26415,45.4167,16.708661,Summer,Clear,9.195810402982426,90.80418959701757
481,2012-04-25,2,1,4,0,3,1,1,0.476667,0.470317,0.427917,0.118792,655,5541,6196,0,19.543347,23.51585,42.7917,7.959064,Summer,Clear,10.571336346029698,89.4286636539703
482,2012-04-26,2,1,4,0,4,1,2,0.498333,0.483583,0.756667,0.176625,475,4551,5026,0,20.431653,24.17915,75.66669999999999,11.833875,Summer,Mist,9.450855551134103,90.54914444886589
483,2012-04-27,2,1,4,0,5,1,1,0.4575,0.452637,0.400833,0.347633,1014,5219,6233,0,18.7575,22.63185,40.0833,23.291411,Summer,Clear,16.26824963901813,83.73175036098188
484,2012-04-28,2,1,4,0,6,0,2,0.376667,0.377504,0.489583,0.129975,1120,3100,4220,0,15.443347,18.8752,48.9583,8.708325,Summer,Mist,26.540284360189574,73.45971563981043
485,2012-04-29,2,1,4,0,0,0,1,0.458333,0.450121,0.587083,0.116908,2229,4075,6304,0,18.791653,22.50605,58.7083,7.8328359999999995,Summer,Clear,35.358502538071065,64.64149746192894
486,2012-04-30,2,1,4,0,1,1,2,0.464167,0.457696,0.57,0.171638,665,4907,5572,0,19.030847,22.8848,56.99999999999999,11.499746,Summer,Mist,11.934673366834172,88.06532663316582
487,2012-05-01,2,1,5,0,2,1,2,0.613333,0.577021,0.659583,0.156096,653,5087,5740,0,25.146653,28.85105,65.95830000000001,10.458432,Summer,Mist,11.376306620209059,88.62369337979094
488,2012-05-02,2,1,5,0,3,1,1,0.564167,0.537896,0.797083,0.138058,667,5502,6169,0,23.130847,26.894800000000004,79.7083,9.249885999999998,Summer,Clear,10.812125141838223,89.18787485816178
489,2012-05-03,2,1,5,0,4,1,2,0.56,0.537242,0.768333,0.133696,764,5657,6421,0,22.96,26.862099999999998,76.83330000000001,8.957632,Summer,Mist,11.898458184083475,88.10154181591653
490,2012-05-04,2,1,5,0,5,1,1,0.6275,0.590917,0.735417,0.162938,1069,5227,6296,0,25.7275,29.54585,73.54169999999999,10.916846,Summer,Clear,16.979034307496825,83.02096569250318
491,2012-05-05,2,1,5,0,6,0,2,0.621667,0.584608,0.756667,0.152992,2496,4387,6883,0,25.488346999999997,29.2304,75.66669999999999,10.250464,Summer,Mist,36.26325730059567,63.736742699404324
492,2012-05-06,2,1,5,0,0,0,2,0.5625,0.546737,0.74,0.149879,2135,4224,6359,0,23.0625,27.336850000000002,74.0,10.041893,Summer,Mist,33.57446139330084,66.42553860669916
493,2012-05-07,2,1,5,0,1,1,2,0.5375,0.527142,0.664167,0.230721,1008,5265,6273,0,22.037499999999998,26.3571,66.41669999999999,15.458307000000001,Summer,Mist,16.06886657101865,83.93113342898135
494,2012-05-08,2,1,5,0,2,1,2,0.581667,0.557471,0.685833,0.296029,738,4990,5728,0,23.848347,27.87355,68.58330000000001,19.833942999999998,Summer,Mist,12.884078212290504,87.1159217877095
495,2012-05-09,2,1,5,0,3,1,2,0.575,0.553025,0.744167,0.216412,620,4097,4717,0,23.575,27.65125,74.4167,14.499604,Summer,Mist,13.143947424210303,86.8560525757897
496,2012-05-10,2,1,5,0,4,1,1,0.505833,0.491783,0.552083,0.314063,1026,5546,6572,0,20.739152999999998,24.58915,55.2083,21.042220999999998,Summer,Clear,15.611685940353013,84.38831405964699
497,2012-05-11,2,1,5,0,5,1,1,0.533333,0.520833,0.360417,0.236937,1319,5711,7030,0,21.866653,26.04165,36.0417,15.874779,Summer,Clear,18.7624466571835,81.23755334281651
498,2012-05-12,2,1,5,0,6,0,1,0.564167,0.544817,0.480417,0.123133,2622,4807,7429,0,23.130847,27.24085,48.0417,8.249911,Summer,Clear,35.294117647058826,64.70588235294117
499,2012-05-13,2,1,5,0,0,0,1,0.6125,0.585238,0.57625,0.225117,2172,3946,6118,0,25.1125,29.2619,57.62500000000001,15.082839,Summer,Clear,35.50179797319385,64.49820202680615
500,2012-05-14,2,1,5,0,1,1,2,0.573333,0.5499,0.789583,0.212692,342,2501,2843,0,23.506653,27.495000000000005,78.95830000000001,14.250364,Summer,Mist,12.029546253957088,87.9704537460429
501,2012-05-15,2,1,5,0,2,1,2,0.611667,0.576404,0.794583,0.147392,625,4490,5115,0,25.078346999999997,28.8202,79.45830000000001,9.875264,Summer,Mist,12.218963831867057,87.78103616813294
502,2012-05-16,2,1,5,0,3,1,1,0.636667,0.595975,0.697917,0.122512,991,6433,7424,0,26.103347,29.798750000000002,69.7917,8.208304,Summer,Clear,13.348599137931034,86.65140086206897
503,2012-05-17,2,1,5,0,4,1,1,0.593333,0.572613,0.52,0.229475,1242,6142,7384,0,24.326653,28.630650000000003,52.0,15.374825000000001,Summer,Clear,16.82015167930661,83.1798483206934
504,2012-05-18,2,1,5,0,5,1,1,0.564167,0.551121,0.523333,0.136817,1521,6118,7639,0,23.130847,27.55605,52.33330000000001,9.166739,Summer,Clear,19.9109831129729,80.0890168870271
505,2012-05-19,2,1,5,0,6,0,1,0.6,0.566908,0.45625,0.083975,3410,4884,8294,0,24.599999999999998,28.345399999999998,45.625,5.626325,Summer,Clear,41.11405835543766,58.88594164456234
506,2012-05-20,2,1,5,0,0,0,1,0.620833,0.583967,0.530417,0.254367,2704,4425,7129,0,25.454152999999998,29.19835,53.041700000000006,17.042589,Summer,Clear,37.929583391780056,62.070416608219944
507,2012-05-21,2,1,5,0,1,1,2,0.598333,0.565667,0.81125,0.233204,630,3729,4359,0,24.531653,28.283350000000002,81.125,15.624668,Summer,Mist,14.45285615966965,85.54714384033035
508,2012-05-22,2,1,5,0,2,1,2,0.615,0.580825,0.765833,0.118167,819,5254,6073,0,25.215,29.04125,76.5833,7.917189,Summer,Mist,13.485921290959988,86.51407870904
509,2012-05-23,2,1,5,0,3,1,2,0.621667,0.584612,0.774583,0.102,766,4494,5260,0,25.488346999999997,29.230600000000003,77.45830000000001,6.834,Summer,Mist,14.562737642585551,85.43726235741444
510,2012-05-24,2,1,5,0,4,1,1,0.655,0.6067,0.716667,0.172896,1059,5711,6770,0,26.855,30.335,71.6667,11.584031999999999,Summer,Clear,15.642540620384047,84.35745937961595
511,2012-05-25,2,1,5,0,5,1,1,0.68,0.627529,0.747083,0.14055,1417,5317,6734,0,27.880000000000003,31.37645,74.70830000000001,9.41685,Summer,Clear,21.042471042471043,78.95752895752895
512,2012-05-26,2,1,5,0,6,0,1,0.6925,0.642696,0.7325,0.198992,2855,3681,6536,0,28.392500000000002,32.134800000000006,73.25,13.332464,Summer,Clear,43.68115055079559,56.318849449204414
513,2012-05-27,2,1,5,0,0,0,1,0.69,0.641425,0.697083,0.215171,3283,3308,6591,0,28.29,32.07125,69.7083,14.416457,Summer,Clear,49.810347443483536,50.189652556516464
514,2012-05-28,2,1,5,1,1,0,1,0.7125,0.6793,0.67625,0.196521,2557,3486,6043,0,29.212500000000002,33.965,67.625,13.166907,Summer,Clear,42.31342048651332,57.68657951348668
515,2012-05-29,2,1,5,0,2,1,1,0.7225,0.672992,0.684583,0.2954,880,4863,5743,0,29.622500000000002,33.6496,68.45830000000001,19.7918,Summer,Clear,15.32300191537524,84.67699808462477
516,2012-05-30,2,1,5,0,3,1,2,0.656667,0.611129,0.67,0.134329,745,6110,6855,0,26.923347,30.55645,67.0,9.000043,Summer,Mist,10.86797957695113,89.13202042304887
517,2012-05-31,2,1,5,0,4,1,1,0.68,0.631329,0.492917,0.195279,1100,6238,7338,0,27.880000000000003,31.566450000000003,49.2917,13.083693,Summer,Clear,14.990460615971655,85.00953938402834
518,2012-06-01,2,1,6,0,5,1,2,0.654167,0.607962,0.755417,0.237563,533,3594,4127,0,26.820847,30.3981,75.5417,15.916720999999999,Summer,Mist,12.914950327114127,87.08504967288587
519,2012-06-02,2,1,6,0,6,0,1,0.583333,0.566288,0.549167,0.186562,2795,5325,8120,0,23.916653,28.3144,54.9167,12.499654,Summer,Clear,34.42118226600985,65.57881773399015
520,2012-06-03,2,1,6,0,0,0,1,0.6025,0.575133,0.493333,0.184087,2494,5147,7641,0,24.7025,28.75665,49.3333,12.333829,Summer,Clear,32.639706844653844,67.36029315534616
521,2012-06-04,2,1,6,0,1,1,1,0.5975,0.578283,0.487083,0.284833,1071,5927,6998,0,24.497500000000002,28.91415,48.7083,19.083811,Summer,Clear,15.304372677907974,84.69562732209202
522,2012-06-05,2,1,6,0,2,1,2,0.540833,0.525892,0.613333,0.209575,968,6033,7001,0,22.174153,26.294600000000003,61.3333,14.041525,Summer,Mist,13.82659620054278,86.17340379945722
523,2012-06-06,2,1,6,0,3,1,1,0.554167,0.542292,0.61125,0.077125,1027,6028,7055,0,22.720847,27.1146,61.12499999999999,5.167375,Summer,Clear,14.557051736357193,85.4429482636428
524,2012-06-07,2,1,6,0,4,1,1,0.6025,0.569442,0.567083,0.15735,1038,6456,7494,0,24.7025,28.4721,56.7083,10.542449999999999,Summer,Clear,13.851080864691752,86.14891913530825
525,2012-06-08,2,1,6,0,5,1,1,0.649167,0.597862,0.467917,0.175383,1488,6248,7736,0,26.615847000000002,29.8931,46.791700000000006,11.750661000000001,Summer,Clear,19.23474663908997,80.76525336091002
526,2012-06-09,2,1,6,0,6,0,1,0.710833,0.648367,0.437083,0.144287,2708,4790,7498,0,29.144153000000003,32.418350000000004,43.7083,9.667229,Summer,Clear,36.11629767938117,63.88370232061883
527,2012-06-10,2,1,6,0,0,0,1,0.726667,0.663517,0.538333,0.133721,2224,4374,6598,0,29.793346999999997,33.175850000000004,53.833299999999994,8.959307,Summer,Clear,33.70718399515005,66.29281600484995
528,2012-06-11,2,1,6,0,1,1,2,0.720833,0.659721,0.587917,0.207713,1017,5647,6664,0,29.554153,32.98605,58.791700000000006,13.916771,Summer,Mist,15.26110444177671,84.73889555822329
529,2012-06-12,2,1,6,0,2,1,2,0.653333,0.597875,0.833333,0.214546,477,4495,4972,0,26.786653,29.89375,83.3333,14.374581999999998,Summer,Mist,9.593724859211585,90.40627514078842
530,2012-06-13,2,1,6,0,3,1,1,0.655833,0.611117,0.582083,0.343279,1173,6248,7421,0,26.889153,30.55585,58.2083,22.999693,Summer,Clear,15.806495081525402,84.1935049184746
531,2012-06-14,2,1,6,0,4,1,1,0.648333,0.624383,0.569583,0.253733,1180,6183,7363,0,26.581653000000003,31.219150000000003,56.958299999999994,17.000111,Summer,Clear,16.026076327583866,83.97392367241613
532,2012-06-15,2,1,6,0,5,1,1,0.639167,0.599754,0.589583,0.176617,1563,6102,7665,0,26.205847000000002,29.9877,58.958299999999994,11.833339,Summer,Clear,20.391389432485322,79.60861056751469
533,2012-06-16,2,1,6,0,6,0,1,0.631667,0.594708,0.504167,0.166667,2963,4739,7702,0,25.898346999999998,29.735400000000002,50.416700000000006,11.166689,Summer,Clear,38.47052713580888,61.52947286419111
534,2012-06-17,2,1,6,0,0,0,1,0.5925,0.571975,0.59875,0.144904,2634,4344,6978,0,24.2925,28.59875,59.875,9.708568,Summer,Clear,37.747205503009454,62.25279449699054
535,2012-06-18,2,1,6,0,1,1,2,0.568333,0.544842,0.777917,0.174746,653,4446,5099,0,23.301652999999998,27.2421,77.79169999999999,11.707982000000001,Summer,Mist,12.806432633849774,87.19356736615023
536,2012-06-19,2,1,6,0,2,1,1,0.688333,0.654692,0.69,0.148017,968,5857,6825,0,28.221653,32.7346,69.0,9.917139,Summer,Clear,14.183150183150184,85.81684981684981
537,2012-06-20,2,1,6,0,3,1,1,0.7825,0.720975,0.592083,0.113812,872,5339,6211,0,32.082499999999996,36.04875,59.2083,7.625404,Summer,Clear,14.039607148607312,85.96039285139268
538,2012-06-21,3,1,6,0,4,1,1,0.805833,0.752542,0.567917,0.118787,778,5127,5905,0,33.039153,37.6271,56.7917,7.958729,Fall,Clear,13.175275190516512,86.82472480948348
539,2012-06-22,3,1,6,0,5,1,1,0.7775,0.724121,0.57375,0.182842,964,4859,5823,0,31.877499999999998,36.20605,57.375,12.250414000000001,Fall,Clear,16.55504035720419,83.44495964279581
540,2012-06-23,3,1,6,0,6,0,1,0.731667,0.652792,0.534583,0.179721,2657,4801,7458,0,29.998347,32.6396,53.4583,12.041307,Fall,Clear,35.62617323679271,64.3738267632073
541,2012-06-24,3,1,6,0,0,0,1,0.743333,0.674254,0.479167,0.145525,2551,4340,6891,0,30.476653000000002,33.7127,47.9167,9.750174999999999,Fall,Clear,37.019300536932235,62.980699463067765
542,2012-06-25,3,1,6,0,1,1,1,0.715833,0.654042,0.504167,0.300383,1139,5640,6779,0,29.349153,32.7021,50.416700000000006,20.125661,Fall,Clear,16.801888184097947,83.19811181590205
543,2012-06-26,3,1,6,0,2,1,1,0.630833,0.594704,0.373333,0.347642,1077,6365,7442,0,25.864152999999998,29.7352,37.3333,23.292014,Fall,Clear,14.47191615157216,85.52808384842784
544,2012-06-27,3,1,6,0,3,1,1,0.6975,0.640792,0.36,0.271775,1077,6258,7335,0,28.5975,32.0396,36.0,18.208925,Fall,Clear,14.683026584867076,85.31697341513292
545,2012-06-28,3,1,6,0,4,1,1,0.749167,0.675512,0.4225,0.17165,921,5958,6879,0,30.715847,33.7756,42.25,11.50055,Fall,Clear,13.388573920627996,86.611426079372
546,2012-06-29,3,1,6,0,5,1,1,0.834167,0.786613,0.48875,0.165417,829,4634,5463,0,34.200847,39.33065,48.875,11.082939000000001,Fall,Clear,15.174812374153396,84.82518762584661
547,2012-06-30,3,1,6,0,6,0,1,0.765,0.687508,0.60125,0.161071,1455,4232,5687,0,31.365000000000002,34.3754,60.12499999999999,10.791756999999999,Fall,Clear,25.58466678389309,74.41533321610692
548,2012-07-01,3,1,7,0,0,0,1,0.815833,0.750629,0.51875,0.168529,1421,4110,5531,0,33.449153,37.53145,51.87500000000001,11.291443000000001,Fall,Clear,25.69155668052793,74.30844331947206
549,2012-07-02,3,1,7,0,1,1,1,0.781667,0.702038,0.447083,0.195267,904,5323,6227,0,32.048347,35.1019,44.7083,13.082889,Fall,Clear,14.517424120764414,85.48257587923558
550,2012-07-03,3,1,7,0,2,1,1,0.780833,0.70265,0.492083,0.126237,1052,5608,6660,0,32.014153,35.1325,49.2083,8.457878999999998,Fall,Clear,15.795795795795794,84.2042042042042
551,2012-07-04,3,1,7,1,3,0,1,0.789167,0.732337,0.53875,0.13495,2562,4841,7403,0,32.355847,36.61685,53.87499999999999,9.041649999999999,Fall,Clear,34.60759151695258,65.39240848304742
552,2012-07-05,3,1,7,0,4,1,1,0.8275,0.761367,0.457917,0.194029,1405,4836,6241,0,33.9275,38.06835,45.7917,12.999943,Fall,Clear,22.51241788174972,77.48758211825027
553,2012-07-06,3,1,7,0,5,1,1,0.828333,0.752533,0.450833,0.146142,1366,4841,6207,0,33.961653,37.62665,45.0833,9.791514,Fall,Clear,22.00741098759465,77.99258901240535
554,2012-07-07,3,1,7,0,6,0,1,0.861667,0.804913,0.492083,0.163554,1448,3392,4840,0,35.328347,40.24565,49.2083,10.958118,Fall,Clear,29.91735537190083,70.08264462809917
555,2012-07-08,3,1,7,0,0,0,1,0.8225,0.790396,0.57375,0.125629,1203,3469,4672,0,33.722500000000004,39.5198,57.375,8.417143,Fall,Clear,25.74914383561644,74.25085616438356
556,2012-07-09,3,1,7,0,1,1,2,0.710833,0.654054,0.683333,0.180975,998,5571,6569,0,29.144153000000003,32.7027,68.3333,12.125325,Fall,Mist,15.19257116760542,84.80742883239458
557,2012-07-10,3,1,7,0,2,1,2,0.720833,0.664796,0.6675,0.151737,954,5336,6290,0,29.554153,33.2398,66.75,10.166379000000001,Fall,Mist,15.166931637519873,84.83306836248012
558,2012-07-11,3,1,7,0,3,1,1,0.716667,0.650271,0.633333,0.151733,975,6289,7264,0,29.383347,32.51355,63.3333,10.166111,Fall,Clear,13.422356828193832,86.57764317180616
559,2012-07-12,3,1,7,0,4,1,1,0.715833,0.654683,0.529583,0.146775,1032,6414,7446,0,29.349153,32.73415,52.9583,9.833924999999999,Fall,Clear,13.859790491539082,86.14020950846091
560,2012-07-13,3,1,7,0,5,1,2,0.731667,0.667933,0.485833,0.08085,1511,5988,7499,0,29.998347,33.39665,48.5833,5.41695,Fall,Mist,20.149353247099615,79.85064675290039
561,2012-07-14,3,1,7,0,6,0,2,0.703333,0.666042,0.699167,0.143679,2355,4614,6969,0,28.836653,33.3021,69.91669999999999,9.626493,Fall,Mist,33.792509685751185,66.20749031424882
562,2012-07-15,3,1,7,0,0,0,1,0.745833,0.705196,0.717917,0.166667,1920,4111,6031,0,30.579152999999998,35.259800000000006,71.7917,11.166689,Fall,Clear,31.835516498093185,68.16448350190682
563,2012-07-16,3,1,7,0,1,1,1,0.763333,0.724125,0.645,0.164187,1088,5742,6830,0,31.296653000000003,36.206250000000004,64.5,11.000529,Fall,Clear,15.929721815519764,84.07027818448023
564,2012-07-17,3,1,7,0,2,1,1,0.818333,0.755683,0.505833,0.114429,921,5865,6786,0,33.551653,37.78415,50.583299999999994,7.666743,Fall,Clear,13.572060123784263,86.42793987621575
565,2012-07-18,3,1,7,0,3,1,1,0.793333,0.745583,0.577083,0.137442,799,4914,5713,0,32.526652999999996,37.27915,57.7083,9.208614,Fall,Clear,13.985646770523369,86.01435322947664
566,2012-07-19,3,1,7,0,4,1,1,0.77,0.714642,0.600417,0.165429,888,5703,6591,0,31.57,35.7321,60.0417,11.083743,Fall,Clear,13.47291761492945,86.52708238507056
567,2012-07-20,3,1,7,0,5,1,2,0.665833,0.613025,0.844167,0.208967,747,5123,5870,0,27.299153,30.65125,84.4167,14.000789000000001,Fall,Mist,12.72572402044293,87.27427597955707
568,2012-07-21,3,1,7,0,6,0,3,0.595833,0.549912,0.865417,0.2133,1264,3195,4459,0,24.429153,27.495599999999996,86.5417,14.2911,Fall,Light Precip,28.34716304104059,71.65283695895941
569,2012-07-22,3,1,7,0,0,0,2,0.6675,0.623125,0.7625,0.0939208,2544,4866,7410,0,27.3675,31.156250000000004,76.25,6.2926936,Fall,Mist,34.33198380566802,65.66801619433198
570,2012-07-23,3,1,7,0,1,1,1,0.741667,0.690017,0.694167,0.138683,1135,5831,6966,0,30.408347,34.50085,69.41669999999999,9.291761,Fall,Clear,16.29342520815389,83.70657479184611
571,2012-07-24,3,1,7,0,2,1,1,0.750833,0.70645,0.655,0.211454,1140,6452,7592,0,30.784153,35.3225,65.5,14.167418,Fall,Clear,15.015806111696522,84.98419388830347
572,2012-07-25,3,1,7,0,3,1,1,0.724167,0.654054,0.45,0.1648,1383,6790,8173,0,29.690847,32.7027,45.0,11.0416,Fall,Clear,16.92157102655084,83.07842897344916
573,2012-07-26,3,1,7,0,4,1,1,0.776667,0.739263,0.596667,0.284813,1036,5825,6861,0,31.843347,36.96315,59.66669999999999,19.082470999999998,Fall,Clear,15.099839673516978,84.90016032648302
574,2012-07-27,3,1,7,0,5,1,1,0.781667,0.734217,0.594583,0.152992,1259,5645,6904,0,32.048347,36.71085,59.458299999999994,10.250464,Fall,Clear,18.235805330243338,81.76419466975666
575,2012-07-28,3,1,7,0,6,0,1,0.755833,0.697604,0.613333,0.15735,2234,4451,6685,0,30.989152999999998,34.8802,61.3333,10.542449999999999,Fall,Clear,33.41810022438295,66.58189977561705
576,2012-07-29,3,1,7,0,0,0,1,0.721667,0.667933,0.62375,0.170396,2153,4444,6597,0,29.588347,33.39665,62.375,11.416532,Fall,Clear,32.63604668788843,67.36395331211156
577,2012-07-30,3,1,7,0,1,1,1,0.730833,0.684987,0.66875,0.153617,1040,6065,7105,0,29.964153,34.24935,66.875,10.292339,Fall,Clear,14.637579169598874,85.36242083040113
578,2012-07-31,3,1,7,0,2,1,1,0.713333,0.662896,0.704167,0.165425,968,6248,7216,0,29.246653,33.144800000000004,70.41669999999999,11.083475,Fall,Clear,13.414634146341465,86.58536585365853
579,2012-08-01,3,1,8,0,3,1,1,0.7175,0.667308,0.6775,0.141179,1074,6506,7580,0,29.4175,33.3654,67.75,9.458993,Fall,Clear,14.168865435356201,85.83113456464379
580,2012-08-02,3,1,8,0,4,1,1,0.7525,0.707088,0.659583,0.129354,983,6278,7261,0,30.8525,35.354400000000005,65.95830000000001,8.666718,Fall,Clear,13.538080154248727,86.46191984575128
581,2012-08-03,3,1,8,0,5,1,2,0.765833,0.722867,0.6425,0.215792,1328,5847,7175,0,31.399153,36.143350000000005,64.25,14.458064,Fall,Mist,18.50871080139373,81.49128919860628
582,2012-08-04,3,1,8,0,6,0,1,0.793333,0.751267,0.613333,0.257458,2345,4479,6824,0,32.526652999999996,37.56335,61.3333,17.249686,Fall,Clear,34.36400937866354,65.63599062133646
583,2012-08-05,3,1,8,0,0,0,1,0.769167,0.731079,0.6525,0.290421,1707,3757,5464,0,31.535847,36.55395,65.25,19.458206999999998,Fall,Clear,31.240849194729137,68.75915080527086
584,2012-08-06,3,1,8,0,1,1,2,0.7525,0.710246,0.654167,0.129354,1233,5780,7013,0,30.8525,35.5123,65.4167,8.666718,Fall,Mist,17.581634108084984,82.41836589191502
585,2012-08-07,3,1,8,0,2,1,2,0.735833,0.697621,0.70375,0.116908,1278,5995,7273,0,30.169152999999998,34.88105,70.375,7.8328359999999995,Fall,Mist,17.5718410559604,82.4281589440396
586,2012-08-08,3,1,8,0,3,1,2,0.75,0.707717,0.672917,0.1107,1263,6271,7534,0,30.75,35.385850000000005,67.29169999999999,7.4169,Fall,Mist,16.764003185558803,83.23599681444121
587,2012-08-09,3,1,8,0,4,1,1,0.755833,0.699508,0.620417,0.1561,1196,6090,7286,0,30.989152999999998,34.9754,62.0417,10.458699999999999,Fall,Clear,16.41504254735108,83.58495745264891
588,2012-08-10,3,1,8,0,5,1,2,0.715833,0.667942,0.715833,0.238813,1065,4721,5786,0,29.349153,33.3971,71.58330000000001,16.000471,Fall,Mist,18.406498444521258,81.59350155547874
589,2012-08-11,3,1,8,0,6,0,2,0.6925,0.638267,0.732917,0.206479,2247,4052,6299,0,28.392500000000002,31.91335,73.2917,13.834093,Fall,Mist,35.67232894110176,64.32767105889823
590,2012-08-12,3,1,8,0,0,0,1,0.700833,0.644579,0.530417,0.122512,2182,4362,6544,0,28.734153000000003,32.22895,53.041700000000006,8.208304,Fall,Clear,33.343520782396084,66.65647921760392
591,2012-08-13,3,1,8,0,1,1,1,0.720833,0.662254,0.545417,0.136212,1207,5676,6883,0,29.554153,33.112700000000004,54.541700000000006,9.126204,Fall,Clear,17.535958157780037,82.46404184221996
592,2012-08-14,3,1,8,0,2,1,1,0.726667,0.676779,0.686667,0.169158,1128,5656,6784,0,29.793346999999997,33.838950000000004,68.6667,11.333586,Fall,Clear,16.62735849056604,83.37264150943396
593,2012-08-15,3,1,8,0,3,1,1,0.706667,0.654037,0.619583,0.169771,1198,6149,7347,0,28.973347,32.70185,61.9583,11.374657000000001,Fall,Clear,16.305975227984213,83.69402477201578
594,2012-08-16,3,1,8,0,4,1,1,0.719167,0.654688,0.519167,0.141796,1338,6267,7605,0,29.485847,32.7344,51.916700000000006,9.500332,Fall,Clear,17.59368836291913,82.40631163708086
595,2012-08-17,3,1,8,0,5,1,1,0.723333,0.2424,0.570833,0.231354,1483,5665,7148,0,29.656653,12.120000000000001,57.0833,15.500718,Fall,Clear,20.747062115277,79.252937884723
596,2012-08-18,3,1,8,0,6,0,1,0.678333,0.618071,0.603333,0.177867,2827,5038,7865,0,27.811653,30.903550000000003,60.3333,11.917089,Fall,Clear,35.94405594405594,64.05594405594405
597,2012-08-19,3,1,8,0,0,0,2,0.635833,0.603554,0.711667,0.08645,1208,3341,4549,0,26.069153,30.1777,71.1667,5.79215,Fall,Mist,26.555286876236533,73.44471312376346
598,2012-08-20,3,1,8,0,1,1,2,0.635833,0.595967,0.734167,0.129979,1026,5504,6530,0,26.069153,29.798350000000003,73.4167,8.708593,Fall,Mist,15.712098009188361,84.28790199081165
599,2012-08-21,3,1,8,0,2,1,1,0.649167,0.601025,0.67375,0.0727708,1081,5925,7006,0,26.615847000000002,30.051250000000003,67.375,4.8756436,Fall,Clear,15.429631744219241,84.57036825578076
600,2012-08-22,3,1,8,0,3,1,1,0.6675,0.621854,0.677083,0.0702833,1094,6281,7375,0,27.3675,31.0927,67.7083,4.708981100000001,Fall,Clear,14.833898305084745,85.16610169491526
601,2012-08-23,3,1,8,0,4,1,1,0.695833,0.637008,0.635833,0.0845958,1363,6402,7765,0,28.529153,31.8504,63.5833,5.6679186,Fall,Clear,17.553122987765615,82.44687701223438
602,2012-08-24,3,1,8,0,5,1,2,0.7025,0.6471,0.615,0.0721458,1325,6257,7582,0,28.802500000000002,32.355000000000004,61.5,4.8337686,Fall,Mist,17.475600105513056,82.52439989448695
603,2012-08-25,3,1,8,0,6,0,2,0.661667,0.618696,0.712917,0.244408,1829,4224,6053,0,27.128347,30.934800000000003,71.2917,16.375336,Fall,Mist,30.216421609119443,69.78357839088055
604,2012-08-26,3,1,8,0,0,0,2,0.653333,0.595996,0.845833,0.228858,1483,3772,5255,0,26.786653,29.799799999999998,84.5833,15.333486,Fall,Mist,28.220742150333017,71.77925784966699
605,2012-08-27,3,1,8,0,1,1,1,0.703333,0.654688,0.730417,0.128733,989,5928,6917,0,28.836653,32.7344,73.04169999999999,8.625110999999999,Fall,Clear,14.298106115367935,85.70189388463206
606,2012-08-28,3,1,8,0,2,1,1,0.728333,0.66605,0.62,0.190925,935,6105,7040,0,29.861653,33.3025,62.0,12.791975,Fall,Clear,13.28125,86.71875
607,2012-08-29,3,1,8,0,3,1,1,0.685,0.635733,0.552083,0.112562,1177,6520,7697,0,28.085,31.786649999999998,55.2083,7.541653999999999,Fall,Clear,15.291672080031182,84.70832791996882
608,2012-08-30,3,1,8,0,4,1,1,0.706667,0.652779,0.590417,0.0771167,1172,6541,7713,0,28.973347,32.63895,59.0417,5.1668189,Fall,Clear,15.195125113444833,84.80487488655517
609,2012-08-31,3,1,8,0,5,1,1,0.764167,0.6894,0.5875,0.168533,1433,5917,7350,0,31.330847000000002,34.47,58.75,11.291711,Fall,Clear,19.49659863945578,80.50340136054422
610,2012-09-01,3,1,9,0,6,0,2,0.753333,0.702654,0.638333,0.113187,2352,3788,6140,0,30.886653000000003,35.1327,63.8333,7.5835289999999995,Fall,Mist,38.306188925081436,61.69381107491857
611,2012-09-02,3,1,9,0,0,0,2,0.696667,0.649,0.815,0.0640708,2613,3197,5810,0,28.563347,32.45,81.5,4.2927436,Fall,Mist,44.97418244406196,55.02581755593804
612,2012-09-03,3,1,9,1,1,0,1,0.7075,0.661629,0.790833,0.151121,1965,4069,6034,0,29.0075,33.081450000000004,79.0833,10.125107,Fall,Clear,32.56546237984753,67.43453762015247
613,2012-09-04,3,1,9,0,2,1,1,0.725833,0.686888,0.755,0.236321,867,5997,6864,0,29.759152999999998,34.3444,75.5,15.833507,Fall,Clear,12.63111888111888,87.36888111888112
614,2012-09-05,3,1,9,0,3,1,1,0.736667,0.708983,0.74125,0.187808,832,6280,7112,0,30.203346999999997,35.44915,74.125,12.583136,Fall,Clear,11.698537682789652,88.30146231721034
615,2012-09-06,3,1,9,0,4,1,2,0.696667,0.655329,0.810417,0.142421,611,5592,6203,0,28.563347,32.766450000000006,81.0417,9.542207,Fall,Mist,9.85007254554248,90.14992745445753
616,2012-09-07,3,1,9,0,5,1,1,0.703333,0.657204,0.73625,0.171646,1045,6459,7504,0,28.836653,32.8602,73.625,11.500282,Fall,Clear,13.92590618336887,86.07409381663112
617,2012-09-08,3,1,9,0,6,0,2,0.659167,0.611121,0.799167,0.281104,1557,4419,5976,0,27.025847,30.556050000000003,79.91669999999999,18.833968000000002,Fall,Mist,26.054216867469883,73.94578313253012
618,2012-09-09,3,1,9,0,0,0,1,0.61,0.578925,0.5475,0.224496,2570,5657,8227,0,25.009999999999998,28.946250000000003,54.75,15.041232,Fall,Clear,31.238604594627446,68.76139540537255
619,2012-09-10,3,1,9,0,1,1,1,0.583333,0.565654,0.50375,0.258713,1118,6407,7525,0,23.916653,28.2827,50.375,17.333771000000002,Fall,Clear,14.857142857142858,85.14285714285714
620,2012-09-11,3,1,9,0,2,1,1,0.5775,0.554292,0.52,0.0920542,1070,6697,7767,0,23.677500000000002,27.7146,52.0,6.1676314,Fall,Clear,13.776232779709025,86.22376722029097
621,2012-09-12,3,1,9,0,3,1,1,0.599167,0.570075,0.577083,0.131846,1050,6820,7870,0,24.565847,28.50375,57.7083,8.833682,Fall,Clear,13.341804320203304,86.6581956797967
622,2012-09-13,3,1,9,0,4,1,1,0.6125,0.579558,0.637083,0.0827208,1054,6750,7804,0,25.1125,28.9779,63.708299999999994,5.5422936,Fall,Clear,13.505894413121478,86.49410558687852
623,2012-09-14,3,1,9,0,5,1,1,0.633333,0.594083,0.6725,0.103863,1379,6630,8009,0,25.966653,29.704150000000002,67.25,6.9588209999999995,Fall,Clear,17.21812960419528,82.78187039580473
624,2012-09-15,3,1,9,0,6,0,1,0.608333,0.585867,0.501667,0.247521,3160,5554,8714,0,24.941653000000002,29.29335,50.1667,16.583907,Fall,Clear,36.26348404865733,63.73651595134267
625,2012-09-16,3,1,9,0,0,0,1,0.58,0.563125,0.57,0.0901833,2166,5167,7333,0,23.779999999999998,28.15625,56.99999999999999,6.042281099999999,Fall,Clear,29.537706259375422,70.46229374062457
626,2012-09-17,3,1,9,0,1,1,2,0.580833,0.55305,0.734583,0.151742,1022,5847,6869,0,23.814153,27.652500000000003,73.4583,10.166713999999999,Fall,Mist,14.878439365264231,85.12156063473577
627,2012-09-18,3,1,9,0,2,1,2,0.623333,0.565067,0.8725,0.357587,371,3702,4073,0,25.556653,28.253349999999998,87.25,23.958329,Fall,Mist,9.108765038055488,90.8912349619445
628,2012-09-19,3,1,9,0,3,1,1,0.5525,0.540404,0.536667,0.215175,788,6803,7591,0,22.6525,27.0202,53.6667,14.416725,Fall,Clear,10.380714003425108,89.61928599657489
629,2012-09-20,3,1,9,0,4,1,1,0.546667,0.532192,0.618333,0.118167,939,6781,7720,0,22.413347,26.6096,61.8333,7.917189,Fall,Clear,12.16321243523316,87.83678756476684
630,2012-09-21,3,1,9,0,5,1,1,0.599167,0.571971,0.66875,0.154229,1250,6917,8167,0,24.565847,28.59855,66.875,10.333343000000001,Fall,Clear,15.305497734786336,84.69450226521367
631,2012-09-22,3,1,9,0,6,0,1,0.65,0.610488,0.646667,0.283583,2512,5883,8395,0,26.650000000000002,30.5244,64.6667,19.000061,Fall,Clear,29.922572960095295,70.0774270399047
632,2012-09-23,4,1,9,0,0,0,1,0.529167,0.518933,0.467083,0.223258,2454,5453,7907,0,21.695847,25.946649999999998,46.7083,14.958286000000001,Winter,Clear,31.035791071202734,68.96420892879726
633,2012-09-24,4,1,9,0,1,1,1,0.514167,0.502513,0.492917,0.142404,1001,6435,7436,0,21.080847000000002,25.12565,49.2917,9.541068000000001,Winter,Clear,13.461538461538462,86.53846153846155
634,2012-09-25,4,1,9,0,2,1,1,0.55,0.544179,0.57,0.236321,845,6693,7538,0,22.55,27.208949999999998,56.99999999999999,15.833507,Winter,Clear,11.209869992040328,88.79013000795966
635,2012-09-26,4,1,9,0,3,1,1,0.635,0.596613,0.630833,0.2444,787,6946,7733,0,26.035,29.83065,63.083299999999994,16.3748,Winter,Clear,10.177162808741755,89.82283719125824
636,2012-09-27,4,1,9,0,4,1,2,0.65,0.607975,0.690833,0.134342,751,6642,7393,0,26.650000000000002,30.398750000000003,69.08330000000001,9.000914,Winter,Mist,10.158257811443256,89.84174218855674
637,2012-09-28,4,1,9,0,5,1,2,0.619167,0.585863,0.69,0.164179,1045,6370,7415,0,25.385847000000002,29.29315,69.0,10.999993,Winter,Mist,14.093054619015511,85.9069453809845
638,2012-09-29,4,1,9,0,6,0,1,0.5425,0.530296,0.542917,0.227604,2589,5966,8555,0,22.2425,26.5148,54.2917,15.249468,Winter,Clear,30.26300409117475,69.73699590882525
639,2012-09-30,4,1,9,0,0,0,1,0.526667,0.517663,0.583333,0.134958,2015,4874,6889,0,21.593347,25.88315,58.3333,9.042186,Winter,Clear,29.24952823341559,70.75047176658441
640,2012-10-01,4,1,10,0,1,1,2,0.520833,0.512,0.649167,0.0908042,763,6015,6778,0,21.354153,25.6,64.9167,6.0838814,Winter,Mist,11.257007966951903,88.7429920330481
641,2012-10-02,4,1,10,0,2,1,3,0.590833,0.542333,0.871667,0.104475,315,4324,4639,0,24.224153,27.116649999999996,87.16669999999999,6.9998249999999995,Winter,Light Precip,6.790256520801898,93.20974347919811
642,2012-10-03,4,1,10,0,3,1,2,0.6575,0.599133,0.79375,0.0665458,728,6844,7572,0,26.9575,29.95665,79.375,4.4585686,Winter,Mist,9.614368726888536,90.38563127311147
643,2012-10-04,4,1,10,0,4,1,2,0.6575,0.607975,0.722917,0.117546,891,6437,7328,0,26.9575,30.398750000000003,72.2917,7.875582,Winter,Mist,12.158842794759824,87.84115720524017
644,2012-10-05,4,1,10,0,5,1,1,0.615,0.580187,0.6275,0.10635,1516,6640,8156,0,25.215,29.00935,62.74999999999999,7.12545,Winter,Clear,18.587542913192742,81.41245708680725
645,2012-10-06,4,1,10,0,6,0,1,0.554167,0.538521,0.664167,0.268025,3031,4934,7965,0,22.720847,26.92605,66.41669999999999,17.957675000000002,Winter,Clear,38.05398618957941,61.94601381042059
646,2012-10-07,4,1,10,0,0,0,2,0.415833,0.419813,0.708333,0.141162,781,2729,3510,0,17.049153,20.99065,70.8333,9.457854000000001,Winter,Mist,22.25071225071225,77.74928774928776
647,2012-10-08,4,1,10,1,1,0,2,0.383333,0.387608,0.709583,0.189679,874,4604,5478,0,15.716652999999999,19.3804,70.9583,12.708492999999999,Winter,Mist,15.954728002920774,84.04527199707923
648,2012-10-09,4,1,10,0,2,1,2,0.446667,0.438112,0.761667,0.1903,601,5791,6392,0,18.313347,21.9056,76.16669999999999,12.7501,Winter,Mist,9.402377972465583,90.59762202753441
649,2012-10-10,4,1,10,0,3,1,1,0.514167,0.503142,0.630833,0.187821,780,6911,7691,0,21.080847000000002,25.1571,63.083299999999994,12.584007,Winter,Clear,10.141724093095826,89.85827590690417
650,2012-10-11,4,1,10,0,4,1,1,0.435,0.431167,0.463333,0.181596,834,6736,7570,0,17.835,21.55835,46.3333,12.166932000000001,Winter,Clear,11.017173051519155,88.98282694848085
651,2012-10-12,4,1,10,0,5,1,1,0.4375,0.433071,0.539167,0.235092,1060,6222,7282,0,17.9375,21.65355,53.91669999999999,15.751164,Winter,Clear,14.55644053831365,85.44355946168635
652,2012-10-13,4,1,10,0,6,0,1,0.393333,0.391396,0.494583,0.146142,2252,4857,7109,0,16.126653,19.5698,49.4583,9.791514,Winter,Clear,31.67815445210297,68.32184554789703
653,2012-10-14,4,1,10,0,0,0,1,0.521667,0.508204,0.640417,0.278612,2080,4559,6639,0,21.388347,25.4102,64.0417,18.667004000000002,Winter,Clear,31.330019581262235,68.66998041873777
654,2012-10-15,4,1,10,0,1,1,2,0.561667,0.53915,0.7075,0.296037,760,5115,5875,0,23.028347,26.9575,70.75,19.834478999999998,Winter,Mist,12.936170212765957,87.06382978723404
655,2012-10-16,4,1,10,0,2,1,1,0.468333,0.460846,0.558333,0.182221,922,6612,7534,0,19.201653,23.042299999999997,55.833299999999994,12.208807,Winter,Clear,12.237855057074595,87.7621449429254
656,2012-10-17,4,1,10,0,3,1,1,0.455833,0.450108,0.692917,0.101371,979,6482,7461,0,18.689153,22.5054,69.2917,6.791857,Winter,Clear,13.121565473797078,86.87843452620292
657,2012-10-18,4,1,10,0,4,1,2,0.5225,0.512625,0.728333,0.236937,1008,6501,7509,0,21.4225,25.63125,72.8333,15.874779,Winter,Mist,13.423891330403514,86.57610866959648
658,2012-10-19,4,1,10,0,5,1,2,0.563333,0.537896,0.815,0.134954,753,4671,5424,0,23.096653,26.894800000000004,81.5,9.041917999999999,Winter,Mist,13.882743362831858,86.11725663716814
659,2012-10-20,4,1,10,0,6,0,1,0.484167,0.472842,0.572917,0.117537,2806,5284,8090,0,19.850847,23.6421,57.2917,7.874979,Winter,Clear,34.684796044499386,65.31520395550062
660,2012-10-21,4,1,10,0,0,0,1,0.464167,0.456429,0.51,0.166054,2132,4692,6824,0,19.030847,22.82145,51.0,11.125618000000001,Winter,Clear,31.242672919109026,68.75732708089097
661,2012-10-22,4,1,10,0,1,1,1,0.4875,0.482942,0.568333,0.0814833,830,6228,7058,0,19.9875,24.1471,56.833299999999994,5.4593811,Winter,Clear,11.759705298951545,88.24029470104846
662,2012-10-23,4,1,10,0,2,1,1,0.544167,0.530304,0.641667,0.0945458,841,6625,7466,0,22.310847,26.5152,64.16669999999999,6.3345686,Winter,Clear,11.264398607018483,88.73560139298151
663,2012-10-24,4,1,10,0,3,1,1,0.5875,0.558721,0.63625,0.0727792,795,6898,7693,0,24.087500000000002,27.93605,63.625,4.8762064,Winter,Clear,10.334069933705967,89.66593006629402
664,2012-10-25,4,1,10,0,4,1,2,0.55,0.529688,0.800417,0.124375,875,6484,7359,0,22.55,26.4844,80.0417,8.333125,Winter,Mist,11.890202473162114,88.10979752683788
665,2012-10-26,4,1,10,0,5,1,2,0.545833,0.52275,0.807083,0.132467,1182,6262,7444,0,22.379153000000002,26.137500000000003,80.7083,8.875289,Winter,Mist,15.878559914024718,84.12144008597528
666,2012-10-27,4,1,10,0,6,0,2,0.53,0.515133,0.72,0.235692,2643,5209,7852,0,21.73,25.756649999999997,72.0,15.791364000000002,Winter,Mist,33.6602139582272,66.3397860417728
667,2012-10-28,4,1,10,0,0,0,2,0.4775,0.467771,0.694583,0.398008,998,3461,4459,0,19.5775,23.38855,69.4583,26.666535999999997,Winter,Mist,22.38169993272034,77.61830006727965
668,2012-10-29,4,1,10,0,1,1,3,0.44,0.4394,0.88,0.3582,2,20,22,1,18.04,21.97,88.0,23.9994,Winter,Light Precip,9.090909090909092,90.9090909090909
669,2012-10-30,4,1,10,0,2,1,2,0.318182,0.309909,0.825455,0.213009,87,1009,1096,1,13.045462,15.49545,82.5455,14.271603,Winter,Mist,7.937956204379562,92.06204379562044
670,2012-10-31,4,1,10,0,3,1,2,0.3575,0.3611,0.666667,0.166667,419,5147,5566,1,14.657499999999999,18.055,66.6667,11.166689,Winter,Mist,7.527847646424722,92.47215235357528
671,2012-11-01,4,1,11,0,4,1,2,0.365833,0.369942,0.581667,0.157346,466,5520,5986,0,14.999153000000002,18.4971,58.166700000000006,10.542182,Winter,Mist,7.784831272970264,92.21516872702973
672,2012-11-02,4,1,11,0,5,1,1,0.355,0.356042,0.522083,0.266175,618,5229,5847,0,14.555,17.802100000000003,52.208299999999994,17.833725,Winter,Clear,10.569522832221653,89.43047716777835
673,2012-11-03,4,1,11,0,6,0,2,0.343333,0.323846,0.49125,0.270529,1029,4109,5138,0,14.076653,16.1923,49.125,18.125443,Winter,Mist,20.02724795640327,79.97275204359673
674,2012-11-04,4,1,11,0,0,0,1,0.325833,0.329538,0.532917,0.179108,1201,3906,5107,0,13.359153,16.4769,53.2917,12.000236,Winter,Clear,23.516741727041314,76.4832582729587
675,2012-11-05,4,1,11,0,1,1,1,0.319167,0.308075,0.494167,0.236325,378,4881,5259,0,13.085847,15.403749999999999,49.416700000000006,15.833775000000001,Winter,Clear,7.187678265830005,92.81232173416998
676,2012-11-06,4,1,11,0,2,1,1,0.280833,0.281567,0.567083,0.173513,466,5220,5686,0,11.514153,14.07835,56.7083,11.625371,Winter,Clear,8.195568061906437,91.80443193809357
677,2012-11-07,4,1,11,0,3,1,2,0.295833,0.274621,0.5475,0.304108,326,4709,5035,0,12.129153,13.73105,54.75,20.375236,Winter,Mist,6.4746772591857,93.5253227408143
678,2012-11-08,4,1,11,0,4,1,1,0.352174,0.341891,0.333478,0.347835,340,4975,5315,0,14.439134,17.09455,33.3478,23.304945,Winter,Clear,6.3969896519285045,93.60301034807149
679,2012-11-09,4,1,11,0,5,1,1,0.361667,0.355413,0.540833,0.214558,709,5283,5992,0,14.828347,17.77065,54.0833,14.375386,Winter,Clear,11.832443257676903,88.1675567423231
680,2012-11-10,4,1,11,0,6,0,1,0.389167,0.393937,0.645417,0.0578458,2090,4446,6536,0,15.955846999999999,19.696849999999998,64.5417,3.8756686,Winter,Clear,31.976744186046513,68.02325581395348
681,2012-11-11,4,1,11,0,0,0,1,0.420833,0.421713,0.659167,0.1275,2290,4562,6852,0,17.254153000000002,21.08565,65.91669999999999,8.5425,Winter,Clear,33.42089900758903,66.57910099241097
682,2012-11-12,4,1,11,1,1,0,1,0.485,0.475383,0.741667,0.173517,1097,5172,6269,0,19.884999999999998,23.76915,74.16669999999999,11.625639,Winter,Clear,17.49880363694369,82.50119636305631
683,2012-11-13,4,1,11,0,2,1,2,0.343333,0.323225,0.662917,0.342046,327,3767,4094,0,14.076653,16.16125,66.29169999999999,22.917082,Winter,Mist,7.987298485588666,92.01270151441133
684,2012-11-14,4,1,11,0,3,1,1,0.289167,0.281563,0.552083,0.199625,373,5122,5495,0,11.855847,14.07815,55.2083,13.374875,Winter,Clear,6.787989080982712,93.21201091901729
685,2012-11-15,4,1,11,0,4,1,2,0.321667,0.324492,0.620417,0.152987,320,5125,5445,0,13.188346999999998,16.2246,62.0417,10.250129000000001,Winter,Mist,5.876951331496786,94.12304866850322
686,2012-11-16,4,1,11,0,5,1,1,0.345,0.347204,0.524583,0.171025,484,5214,5698,0,14.145,17.3602,52.4583,11.458675000000001,Winter,Clear,8.494208494208493,91.5057915057915
687,2012-11-17,4,1,11,0,6,0,1,0.325,0.326383,0.545417,0.179729,1313,4316,5629,0,13.325000000000001,16.31915,54.541700000000006,12.041843,Winter,Clear,23.325635103926096,76.6743648960739
688,2012-11-18,4,1,11,0,0,0,1,0.3425,0.337746,0.692917,0.227612,922,3747,4669,0,14.0425,16.8873,69.2917,15.250004,Winter,Clear,19.747269222531592,80.2527307774684
689,2012-11-19,4,1,11,0,1,1,2,0.380833,0.375621,0.623333,0.235067,449,5050,5499,0,15.614152999999998,18.78105,62.3333,15.749489,Winter,Mist,8.165120931078377,91.83487906892162
690,2012-11-20,4,1,11,0,2,1,2,0.374167,0.380667,0.685,0.082725,534,5100,5634,0,15.340847000000002,19.03335,68.5,5.542575,Winter,Mist,9.478168264110757,90.52183173588925
691,2012-11-21,4,1,11,0,3,1,1,0.353333,0.364892,0.61375,0.103246,615,4531,5146,0,14.486653,18.2446,61.375,6.917482000000001,Winter,Clear,11.951029926156238,88.04897007384376
692,2012-11-22,4,1,11,1,4,0,1,0.34,0.350371,0.580417,0.0528708,955,1470,2425,0,13.940000000000001,17.518549999999998,58.0417,3.5423436,Winter,Clear,39.381443298969074,60.618556701030926
693,2012-11-23,4,1,11,0,5,1,1,0.368333,0.378779,0.56875,0.148021,1603,2307,3910,0,15.101653,18.93895,56.875,9.917407,Winter,Clear,40.99744245524297,59.002557544757025
694,2012-11-24,4,1,11,0,6,0,1,0.278333,0.248742,0.404583,0.376871,532,1745,2277,0,11.411653,12.4371,40.4583,25.250357,Winter,Clear,23.364075537988583,76.63592446201142
695,2012-11-25,4,1,11,0,0,0,1,0.245833,0.257583,0.468333,0.1505,309,2115,2424,0,10.079153,12.879150000000001,46.8333,10.083499999999999,Winter,Clear,12.747524752475247,87.25247524752476
696,2012-11-26,4,1,11,0,1,1,1,0.313333,0.339004,0.535417,0.04665,337,4750,5087,0,12.846652999999998,16.950200000000002,53.541700000000006,3.1255499999999996,Winter,Clear,6.62472970316493,93.37527029683507
697,2012-11-27,4,1,11,0,2,1,2,0.291667,0.281558,0.786667,0.237562,123,3836,3959,0,11.958347,14.0779,78.6667,15.916654,Winter,Mist,3.1068451629199294,96.89315483708008
698,2012-11-28,4,1,11,0,3,1,1,0.296667,0.289762,0.50625,0.210821,198,5062,5260,0,12.163347,14.488100000000001,50.625,14.125007,Winter,Clear,3.76425855513308,96.23574144486692
699,2012-11-29,4,1,11,0,4,1,1,0.28087,0.298422,0.555652,0.115522,243,5080,5323,0,11.51567,14.921100000000001,55.565200000000004,7.739974,Winter,Clear,4.565094871313169,95.43490512868684
700,2012-11-30,4,1,11,0,5,1,1,0.298333,0.323867,0.649583,0.0584708,362,5306,5668,0,12.231653000000001,16.193350000000002,64.95830000000001,3.9175436,Winter,Clear,6.386732533521525,93.61326746647848
701,2012-12-01,4,1,12,0,6,0,2,0.298333,0.316904,0.806667,0.0597042,951,4240,5191,0,12.231653000000001,15.8452,80.6667,4.0001814,Winter,Mist,18.32016952417646,81.67983047582355
702,2012-12-02,4,1,12,0,0,0,2,0.3475,0.359208,0.823333,0.124379,892,3757,4649,0,14.247499999999999,17.9604,82.3333,8.333393000000001,Winter,Mist,19.186921918692192,80.81307808130781
703,2012-12-03,4,1,12,0,1,1,1,0.4525,0.455796,0.7675,0.0827208,555,5679,6234,0,18.552500000000002,22.7898,76.75,5.5422936,Winter,Clear,8.902791145332051,91.09720885466795
704,2012-12-04,4,1,12,0,2,1,1,0.475833,0.469054,0.73375,0.174129,551,6055,6606,0,19.509153,23.4527,73.375,11.666643,Winter,Clear,8.34090221011202,91.65909778988798
705,2012-12-05,4,1,12,0,3,1,1,0.438333,0.428012,0.485,0.324021,331,5398,5729,0,17.971653,21.4006,48.5,21.709407,Winter,Clear,5.777622621748996,94.222377378251
706,2012-12-06,4,1,12,0,4,1,1,0.255833,0.258204,0.50875,0.174754,340,5035,5375,0,10.489152999999998,12.9102,50.875,11.708518,Winter,Clear,6.325581395348837,93.67441860465117
707,2012-12-07,4,1,12,0,5,1,2,0.320833,0.321958,0.764167,0.1306,349,4659,5008,0,13.154152999999999,16.097900000000003,76.4167,8.7502,Winter,Mist,6.968849840255591,93.03115015974441
708,2012-12-08,4,1,12,0,6,0,2,0.381667,0.389508,0.91125,0.101379,1153,4429,5582,0,15.648347,19.4754,91.125,6.792393,Winter,Mist,20.655678968111786,79.34432103188821
709,2012-12-09,4,1,12,0,0,0,2,0.384167,0.390146,0.905417,0.157975,441,2787,3228,0,15.750846999999998,19.5073,90.5417,10.584325,Winter,Mist,13.661710037174721,86.33828996282527
710,2012-12-10,4,1,12,0,1,1,2,0.435833,0.435575,0.925,0.190308,329,4841,5170,0,17.869153,21.77875,92.5,12.750636,Winter,Mist,6.363636363636363,93.63636363636364
711,2012-12-11,4,1,12,0,2,1,2,0.353333,0.338363,0.596667,0.296037,282,5219,5501,0,14.486653,16.91815,59.66669999999999,19.834478999999998,Winter,Mist,5.126340665333576,94.87365933466643
712,2012-12-12,4,1,12,0,3,1,2,0.2975,0.297338,0.538333,0.162937,310,5009,5319,0,12.1975,14.8669,53.833299999999994,10.916779,Winter,Mist,5.828163188569279,94.17183681143072
713,2012-12-13,4,1,12,0,4,1,1,0.295833,0.294188,0.485833,0.174129,425,5107,5532,0,12.129153,14.7094,48.5833,11.666643,Winter,Clear,7.682574114244396,92.3174258857556
714,2012-12-14,4,1,12,0,5,1,1,0.281667,0.294192,0.642917,0.131229,429,5182,5611,0,11.548347,14.7096,64.29169999999999,8.792343,Winter,Clear,7.645695954375334,92.35430404562467
715,2012-12-15,4,1,12,0,6,0,1,0.324167,0.338383,0.650417,0.10635,767,4280,5047,0,13.290847,16.91915,65.0417,7.12545,Winter,Clear,15.197146819893007,84.802853180107
716,2012-12-16,4,1,12,0,0,0,2,0.3625,0.369938,0.83875,0.100742,538,3248,3786,0,14.862499999999999,18.4969,83.875,6.749714,Winter,Mist,14.210248283148442,85.78975171685155
717,2012-12-17,4,1,12,0,1,1,2,0.393333,0.4015,0.907083,0.0982583,212,4373,4585,0,16.126653,20.075000000000003,90.7083,6.583306100000001,Winter,Mist,4.623773173391494,95.3762268266085
718,2012-12-18,4,1,12,0,2,1,1,0.410833,0.409708,0.66625,0.221404,433,5124,5557,0,16.844153,20.485400000000002,66.625,14.834067999999998,Winter,Clear,7.791974086737448,92.20802591326255
719,2012-12-19,4,1,12,0,3,1,1,0.3325,0.342162,0.625417,0.184092,333,4934,5267,0,13.6325,17.1081,62.5417,12.334164000000001,Winter,Clear,6.322384659198785,93.67761534080121
720,2012-12-20,4,1,12,0,4,1,2,0.33,0.335217,0.667917,0.132463,314,3814,4128,0,13.530000000000001,16.760849999999998,66.79169999999999,8.875021,Winter,Mist,7.6065891472868215,92.39341085271317
721,2012-12-21,1,1,12,0,5,1,2,0.326667,0.301767,0.556667,0.374383,221,3402,3623,0,13.393346999999999,15.08835,55.666700000000006,25.083661000000003,Spring,Mist,6.099917195694176,93.90008280430582
722,2012-12-22,1,1,12,0,6,0,1,0.265833,0.236113,0.44125,0.407346,205,1544,1749,0,10.899153,11.80565,44.125,27.292182,Spring,Clear,11.720983419096626,88.27901658090337
723,2012-12-23,1,1,12,0,0,0,1,0.245833,0.259471,0.515417,0.133083,408,1379,1787,0,10.079153,12.97355,51.5417,8.916561,Spring,Clear,22.831561275881366,77.16843872411864
724,2012-12-24,1,1,12,0,1,1,2,0.231304,0.2589,0.791304,0.0772304,174,746,920,0,9.483464,12.945,79.1304,5.1744368000000005,Spring,Mist,18.913043478260867,81.08695652173913
725,2012-12-25,1,1,12,1,2,0,2,0.291304,0.294465,0.734783,0.168726,440,573,1013,0,11.943464,14.723249999999998,73.47829999999999,11.304642,Spring,Mist,43.43534057255676,56.564659427443246
726,2012-12-26,1,1,12,0,3,1,3,0.243333,0.220333,0.823333,0.316546,9,432,441,0,9.976652999999999,11.01665,82.3333,21.208582,Spring,Light Precip,2.0408163265306123,97.95918367346938
727,2012-12-27,1,1,12,0,4,1,2,0.254167,0.226642,0.652917,0.350133,247,1867,2114,0,10.420846999999998,11.3321,65.29169999999999,23.458911,Spring,Mist,11.684011352885525,88.31598864711448
728,2012-12-28,1,1,12,0,5,1,2,0.253333,0.255046,0.59,0.155471,644,2451,3095,0,10.386652999999999,12.7523,59.0,10.416557,Spring,Mist,20.807754442649433,79.19224555735056
729,2012-12-29,1,1,12,0,6,0,2,0.253333,0.2424,0.752917,0.124383,159,1182,1341,0,10.386652999999999,12.120000000000001,75.29169999999999,8.333661,Spring,Mist,11.856823266219239,88.14317673378076
730,2012-12-30,1,1,12,0,0,0,1,0.255833,0.2317,0.483333,0.350754,364,1432,1796,0,10.489152999999998,11.584999999999999,48.3333,23.500518,Spring,Clear,20.26726057906459,79.73273942093542
731,2012-12-31,1,1,12,0,1,1,2,0.215833,0.223487,0.5775,0.154846,439,2290,2729,0,8.849153,11.17435,57.75,10.374682,Spring,Mist,16.0864785635764,83.9135214364236
